SETID,FACILITY_ID,EFFDT,EFF_STATUS,BLDG_CD,ROOM,DESCR,DESCRSHORT,FACILITY_TYPE,FACILITY_GROUP,LOCATION,ROOM_CAPACITY,GENERL_ASSIGN,ACAD_ORG,FACILITY_PARTITION,MIN_UTLZN_PCT,FACILITY_CONFLICT,EXT_SA_FACILITY_ID
"SJ000","ADM167",4/29/2004,"A","ADM","167","Administration Building 167","ADM167","CONF","N","MAIN",20,"Y"," "," ",0,"Y"," "
"SJ000","AF001",5/25/2018,"A","AF","001","Art Foundry","AF001","NCLS","N","MAIN",24,"Y"," "," ",0,"Y"," "
"SJ000","AQXCTR",1/1/1902,"A","AQX","CTR","Student Union Aquatics Center","AQXCTR","NCLS","N","MAIN",0,"Y"," "," ",0,"Y"," "
"SJ000","ART101B",1/29/2004,"A","ART","101B","Art Building 101B","ART101B","LAB","N","MAIN",1,"Y"," "," ",0,"Y"," "
"SJ000","ART103",1/29/2004,"A","ART","103","Art Building 103","ART103","LAB","N","MAIN",24,"Y"," "," ",0,"Y"," "
"SJ000","ART105",1/29/2004,"A","ART","105","Art Building 105","ART105","LAB","N","MAIN",20,"Y"," "," ",0,"Y"," "
"SJ000","ART105A",1/29/2004,"A","ART","105A","Art Building 105A","ART105A","LAB","N","MAIN",1,"Y"," "," ",0,"Y"," "
"SJ000","ART108",1/29/2004,"A","ART","108","Art Building 108","ART108","LAB","N","MAIN",24,"Y"," "," ",0,"Y"," "
"SJ000","ART108A",1/29/2004,"A","ART","108A","Art Building 108A","ART108A","LAB","N","MAIN",1,"Y"," "," ",0,"Y"," "
"SJ000","ART109",1/29/2004,"A","ART","109","Art Building 109","ART109","LAB","N","MAIN",25,"Y"," "," ",0,"Y"," "
"SJ000","ART110",2/1/2024,"A","ART","110","Art Building 110","ART110","CLEC","N","MAIN",35,"Y"," "," ",0,"Y"," "
"SJ000","ART110A",1/29/2004,"A","ART","110A","Art Building 110A","ART110A","LAB","N","MAIN",15,"Y"," "," ",0,"Y"," "
"SJ000","ART112",1/29/2004,"A","ART","112","Art Building 112","ART112","LAB","N","MAIN",20,"Y"," "," ",0,"Y"," "
"SJ000","ART114",9/6/2023,"A","ART","114","Art Building 114","ART114","CONF","N","MAIN",12,"Y"," "," ",0,"Y"," "
"SJ000","ART118A",1/29/2004,"A","ART","118A","Art Building 118A","ART118A","LAB","N","MAIN",1,"Y"," "," ",0,"Y"," "
"SJ000","ART120",3/14/2012,"A","ART","120","Art Building 120","ART120","LAB","N","MAIN",30,"Y"," "," ",0,"Y"," "
"SJ000","ART133",2/1/2024,"A","ART","133","Art Building 133","ART133","CLEC","N","MAIN",70,"Y"," "," ",0,"Y"," "
"SJ000","ART135",2/1/2024,"A","ART","135","Art Building 135","ART135","CLEC","N","MAIN",55,"Y"," "," ",0,"Y"," "
"SJ000","ART139",1/25/2006,"A","ART","139","Art Building 139","ART139","LAB","N","MAIN",25,"Y"," "," ",0,"Y"," "
"SJ000","ART141",2/1/2024,"A","ART","141","Art Building 141","ART141","CLEC","N","MAIN",25,"Y"," "," ",0,"Y"," "
"SJ000","ART201",1/29/2004,"A","ART","201","Art Building 201","ART201","LAB","N","MAIN",25,"Y"," "," ",0,"Y"," "
"SJ000","ART202",1/29/2004,"A","ART","202","Art Building 202","ART202","LAB","N","MAIN",1,"Y"," "," ",0,"Y"," "
"SJ000","ART203",1/29/2004,"A","ART","203","Art Building 203","ART203","LAB","N","MAIN",25,"Y"," "," ",0,"Y"," "
"SJ000","ART205",1/29/2004,"A","ART","205","Art Building 205","ART205","LAB","N","MAIN",25,"Y"," "," ",0,"Y"," "
"SJ000","ART206",1/29/2004,"A","ART","206","Art Building 206","ART206","LAB","N","MAIN",25,"Y"," "," ",0,"Y"," "
"SJ000","ART206A",1/29/2004,"A","ART","206A","Art Building 206A","ART206A","LAB","N","MAIN",1,"Y"," "," ",0,"Y"," "
"SJ000","ART207",1/29/2004,"A","ART","207","Art Building 207","ART207","LAB","N","MAIN",25,"Y"," "," ",0,"Y"," "
"SJ000","ART209",1/29/2004,"A","ART","209","Art Building 209","ART209","LAB","N","MAIN",1,"Y"," "," ",0,"Y"," "
"SJ000","ART210",1/29/2004,"A","ART","210","Art Building 210","ART210","LAB","N","MAIN",24,"Y"," "," ",0,"Y"," "
"SJ000","ART212",2/1/2024,"A","ART","212","Art Building 212","ART212","CLEC","N","MAIN",25,"Y"," "," ",0,"Y"," "
"SJ000","ART212A",1/29/2004,"A","ART","212A","Art Building 212A","ART212A","LAB","N","MAIN",2,"Y"," "," ",0,"Y"," "
"SJ000","ART216",2/1/2024,"A","ART","216","Art Building 216","ART216","CLEC","N","MAIN",25,"Y"," "," ",0,"Y"," "
"SJ000","ART218",1/29/2004,"A","ART","218","Art Building 218","ART218","LAB","N","MAIN",25,"Y"," "," ",0,"Y"," "
"SJ000","ART222",1/29/2004,"A","ART","222","Art Building 222","ART222","LAB","N","MAIN",25,"Y"," "," ",0,"Y"," "
"SJ000","ART224",1/29/2004,"A","ART","224","Art Building 224","ART224","LAB","N","MAIN",25,"Y"," "," ",0,"Y"," "
"SJ000","ART237",1/29/2004,"A","ART","237","Art Building 237","ART237","LAB","N","MAIN",25,"Y"," "," ",0,"Y"," "
"SJ000","ART241",1/29/2004,"A","ART","241","Art Building 241","ART241","LAB","N","MAIN",25,"Y"," "," ",0,"Y"," "
"SJ000","ART243",2/1/2024,"A","ART","243","Art Building 243","ART243","CLEC","N","MAIN",25,"Y"," "," ",0,"Y"," "
"SJ000","ART245",1/29/2004,"A","ART","245","Art Building 245","ART245","LAB","N","MAIN",15,"Y"," "," ",0,"Y"," "
"SJ000","ART301",1/29/2004,"A","ART","301","Art Building 301","ART301","LAB","N","MAIN",24,"Y"," "," ",0,"Y"," "
"SJ000","ART304",1/29/2004,"A","ART","304","Art Building 304","ART304","LAB","N","MAIN",24,"Y"," "," ",0,"Y"," "
"SJ000","ART306",1/29/2004,"A","ART","306","Art Building 306","ART306","LAB","N","MAIN",24,"Y"," "," ",0,"Y"," "
"SJ000","ART307",1/29/2004,"A","ART","307","Art Building 307","ART307","LAB","N","MAIN",20,"Y"," "," ",0,"Y"," "
"SJ000","ART309",1/29/2004,"A","ART","309","Art Building 309","ART309","LAB","N","MAIN",24,"Y"," "," ",0,"Y"," "
"SJ000","ART310",1/29/2004,"A","ART","310","Art Building 310","ART310","LAB","N","MAIN",24,"Y"," "," ",0,"Y"," "
"SJ000","ART312",1/29/2004,"A","ART","312","Art Building 312","ART312","LAB","N","MAIN",24,"Y"," "," ",0,"Y"," "
"SJ000","ART314",1/29/2004,"A","ART","314","Art Building 314","ART314","LAB","N","MAIN",25,"Y"," "," ",0,"Y"," "
"SJ000","ART335",1/29/2004,"A","ART","335","Art Building 335","ART335","LAB","N","MAIN",1,"Y"," "," ",0,"Y"," "
"SJ000","ART337",1/29/2004,"A","ART","337","Art Building 337","ART337","LAB","N","MAIN",25,"Y"," "," ",0,"Y"," "
"SJ000","BBC003",3/2/2004,"A","BBC","003","Boccardo Business Center 003","BBC003","LCTR","N","MAIN",50,"Y"," "," ",0,"Y"," "
"SJ000","BBC004",3/2/2004,"A","BBC","004","Boccardo Business Center 004","BBC004","LCTR","N","MAIN",110,"Y"," "," ",0,"Y"," "
"SJ000","BBC021",3/2/2004,"A","BBC","021","Boccardo Business Center 021","BBC021","LCTR","N","MAIN",50,"Y"," "," ",0,"Y"," "
"SJ000","BBC022",3/2/2004,"A","BBC","022","Boccardo Business Center 022","BBC022","LCTR","N","MAIN",50,"Y"," "," ",0,"Y"," "
"SJ000","BBC032",1/28/2016,"A","BBC","032","Boccardo Business Center 032","BBC032","CONF","N","MAIN",50,"Y"," "," ",0,"Y"," "
"SJ000","BBC102",3/2/2004,"A","BBC","102","Boccardo Business Center 102","BBC102","LCTR","N","MAIN",60,"Y"," "," ",0,"Y"," "
"SJ000","BBC103",3/2/2004,"A","BBC","103","Boccardo Business Center 103","BBC103","LCTR","N","MAIN",50,"Y"," "," ",0,"Y"," "
"SJ000","BBC104",3/2/2004,"A","BBC","104","Boccardo Business Center 104","BBC104","LCTR","N","MAIN",60,"Y"," "," ",0,"Y"," "
"SJ000","BBC105",8/19/2008,"A","BBC","105","Boccardo Business Center 105","BBC105","LCTR","N","MAIN",50,"Y"," "," ",0,"Y"," "
"SJ000","BBC106",3/2/2004,"A","BBC","106","Boccardo Business Center 106","BBC106","LCTR","N","MAIN",60,"Y"," ","01",0,"Y"," "
"SJ000","BBC107",3/2/2004,"A","BBC","107","Boccardo Business Center 107","BBC107","LCTR","N","MAIN",60,"Y"," "," ",0,"Y"," "
"SJ000","BBC108",3/2/2004,"A","BBC","108","Boccardo Business Center 108","BBC108","LCTR","N","MAIN",60,"Y"," ","01",0,"Y"," "
"SJ000","BBC120",9/4/2007,"A","BBC","120","Boccardo Business Center 120","BBC120","LCTR","N","MAIN",40,"Y"," "," ",0,"Y"," "
"SJ000","BBC121",9/4/2007,"A","BBC","121","Boccardo Business Center 121","BBC121","LCTR","N","MAIN",30,"Y"," "," ",0,"Y"," "
"SJ000","BBC122",9/4/2007,"A","BBC","122","Boccardo Business Center 122","BBC122","LCTR","N","MAIN",31,"Y"," "," ",0,"Y"," "
"SJ000","BBC123",8/12/2009,"A","BBC","123","Boccardo Business Center 123","BBC123","LCTR","N","MAIN",30,"Y"," "," ",0,"Y"," "
"SJ000","BBC124",8/12/2009,"A","BBC","124","Boccardo Business Center 124","BBC124","LCTR","N","MAIN",31,"Y"," "," ",0,"Y"," "
"SJ000","BBC125",8/12/2009,"A","BBC","125","Boccardo Business Center 125","BBC125","LCTR","N","MAIN",40,"Y"," "," ",0,"Y"," "
"SJ000","BBC126",9/4/2007,"A","BBC","126","Boccardo Business Center 126","BBC126","LCTR","N","MAIN",31,"Y"," "," ",0,"Y"," "
"SJ000","BBC128",8/12/2009,"A","BBC","128","Boccardo Business Center 128","BBC128","LCTR","N","MAIN",31,"Y"," "," ",0,"Y"," "
"SJ000","BBC130",9/4/2007,"A","BBC","130","Boccardo Business Center 130","BBC130","LCTR","N","MAIN",40,"Y"," "," ",0,"Y"," "
"SJ000","BBC201",8/12/2009,"A","BBC","201","Boccardo Business Center 201","BBC201","LCTR","N","MAIN",60,"Y"," "," ",0,"Y"," "
"SJ000","BBC202",3/2/2004,"A","BBC","202","Boccardo Business Center 202","BBC202","LCTR","N","MAIN",119,"Y"," "," ",0,"Y"," "
"SJ000","BBC203",9/23/2016,"A","BBC","203","Boccardo Business Center 203","BBC203","LCTR","N","MAIN",40,"Y"," "," ",0,"Y"," "
"SJ000","BBC204",3/2/2004,"A","BBC","204","Boccardo Business Center 204","BBC204","LCTR","N","MAIN",119,"Y"," "," ",0,"Y"," "
"SJ000","BBC205",9/23/2016,"A","BBC","205","Boccardo Business Center 205","BBC205","LCTR","N","MAIN",40,"Y"," "," ",0,"Y"," "
"SJ000","BBC220",8/12/2009,"A","BBC","220","Boccardo Business Center 220","BBC220","LCTR","N","MAIN",64,"Y"," "," ",0,"Y"," "
"SJ000","BBC221",9/4/2007,"A","BBC","221","Boccardo Business Center 221","BBC221","LCTR","N","MAIN",30,"Y"," "," ",0,"Y"," "
"SJ000","BBC222",8/12/2009,"A","BBC","222","Boccardo Business Center 222","BBC222","LCTR","N","MAIN",64,"Y"," ","01",0,"Y"," "
"SJ000","BBC223",8/12/2009,"A","BBC","223","Boccardo Business Center 223","BBC223","LCTR","N","MAIN",30,"Y"," "," ",0,"Y"," "
"SJ000","BBC224",3/2/2004,"A","BBC","224","Boccardo Business Center 224","BBC224","LCTR","N","MAIN",64,"Y"," ","01",0,"Y"," "
"SJ000","BBC225",9/4/2007,"A","BBC","225","Boccardo Business Center 225","BBC225","LCTR","N","MAIN",40,"Y"," "," ",0,"Y"," "
"SJ000","BBC226",3/2/2004,"A","BBC","226","Boccardo Business Center 226","BBC226","LCTR","N","MAIN",64,"Y"," "," ",0,"Y"," "
"SJ000","BBC301",2/1/2024,"A","BBC","301","Boccardo Business Center 301","BBC301","CLEC","N","MAIN",48,"Y"," "," ",0,"Y"," "
"SJ000","BBC302",8/22/2012,"A","BBC","302","Boccardo Business Center 302","BBC302","CMLB","N","MAIN",100,"Y"," "," ",0,"Y"," "
"SJ000","BBC303",8/20/2015,"A","BBC","303","Boccardo Business Center 303","BBC 303","LAB","N","MAIN",24,"Y"," "," ",0,"Y"," "
"SJ000","BBC304",3/14/2012,"A","BBC","304","Boccardo Business Center 304","BBC304","CMLB","N","MAIN",45,"Y"," "," ",0,"Y"," "
"SJ000","BBC305",3/14/2012,"A","BBC","305","Boccardo Business Center 305","BBC305","CMLB","N","MAIN",48,"Y"," ","01",0,"Y"," "
"SJ000","BBC320",3/2/2004,"A","BBC","320","Boccardo Business Center 320","BBC320","LCTR","N","MAIN",60,"Y"," ","01",0,"Y"," "
"SJ000","BBC321",3/14/2012,"A","BBC","321","Boccardo Business Center 321","BBC321","CONF","N","MAIN",42,"Y"," "," ",0,"Y"," "
"SJ000","BBC322",3/2/2004,"A","BBC","322","Boccardo Business Center 322","BBC322","LCTR","N","MAIN",60,"Y"," "," ",0,"Y"," "
"SJ000","BBC323",2/1/2024,"A","BBC","323","Boccardo Business Center 323","BBC323","CLEC","N","MAIN",40,"Y"," "," ",0,"Y"," "
"SJ000","BBC324",3/2/2004,"A","BBC","324","Boccardo Business Center 324","BBC324","LCTR","N","MAIN",60,"Y"," "," ",0,"Y"," "
"SJ000","BBC326",8/19/2008,"A","BBC","326","Boccardo Business Center 326","BBC326","LCTR","N","MAIN",60,"Y"," "," ",0,"Y"," "
"SJ000","CABRL455",3/20/2012,"A","CABRL","455","Cabrillo College 455","CABRL455","NCLS","N","MAIN",0,"Y"," "," ",0,"Y"," "
"SJ000","CC000",1/1/1902,"A","CC","000","Custom Contracts - PDC","CC000","NCLS","N","PDC",0,"Y"," "," ",0,"Y"," "
"SJ000","CCB100",3/24/2015,"A","CCB","100","Central Classroom Building 100","CCB100","CMLB","N","MAIN",40,"Y"," "," ",0,"Y"," "
"SJ000","CCB101",3/2/2004,"A","CCB","101","Central Classroom Building 101","CCB101","LCTR","N","MAIN",41,"Y"," "," ",0,"Y"," "
"SJ000","CCB102",2/16/2018,"A","CCB","102","Central Classroom Building 102","CCB102","LCTR","N","MAIN",45,"Y"," "," ",0,"Y"," "
"SJ000","CCB114",1/29/2004,"A","CCB","114","Central Classroom Building 114","CCB114","LAB","N","MAIN",10,"Y"," "," ",0,"Y"," "
"SJ000","CCB115",5/25/2018,"A","CCB","115","Central Classroom Building 115","CCB115","LAB","N","MAIN",42,"Y"," "," ",0,"Y"," "
"SJ000","CCB118",1/29/2004,"A","CCB","118","Central Classroom Building 118","CCB118","LAB","N","MAIN",12,"Y"," "," ",0,"Y"," "
"SJ000","CCB121",1/29/2004,"A","CCB","121","Central Classroom Building 121","CCB121","LAB","N","MAIN",24,"Y"," "," ",0,"Y"," "
"SJ000","CCB122",1/29/2004,"A","CCB","122","Central Classroom Building 122","CCB122","LAB","N","MAIN",24,"Y"," "," ",0,"Y"," "
"SJ000","CCB125",1/29/2004,"A","CCB","125","Central Classroom Building 125","CCB125","LAB","N","MAIN",24,"Y"," "," ",0,"Y"," "
"SJ000","CCB128",1/29/2004,"A","CCB","128","Central Classroom Building 128","CCB128","LAB","N","MAIN",0,"Y"," "," ",0,"Y"," "
"SJ000","CCB209",5/25/2018,"A","CCB","209","Central Classroom Building 209","CCB209","LAB","N","MAIN",20,"Y"," "," ",0,"Y"," "
"SJ000","CCB210",5/25/2018,"A","CCB","210","Central Classroom Building 210","CCB210","LAB","N","MAIN",20,"Y"," "," ",0,"Y"," "
"SJ000","CCB212",1/29/2004,"A","CCB","212","Central Classroom Building 212","CCB212","LAB","N","MAIN",25,"Y"," "," ",0,"Y"," "
"SJ000","CCB212A",1/29/2004,"A","CCB","212A","Central Classroom Bldg 212A","CCB212A","LAB","N","MAIN",0,"Y"," "," ",0,"Y"," "
"SJ000","CCB216",1/29/2004,"A","CCB","216","Central Classroom Building 216","CCB216","LAB","N","MAIN",20,"Y"," "," ",0,"Y"," "
"SJ000","CCB217",1/29/2004,"A","CCB","217","Central Classroom Building 217","CCB217","LAB","N","MAIN",0,"Y"," "," ",0,"Y"," "
"SJ000","CCB221",1/29/2004,"A","CCB","221","Central Classroom Building 221","CCB221","LAB","N","MAIN",20,"Y"," "," ",0,"Y"," "
"SJ000","CCB221A",1/29/2004,"A","CCB","221A","Central Classroom Bldg 221A","CCB221A","LAB","N","MAIN",0,"Y"," "," ",0,"Y"," "
"SJ000","CCB222",1/29/2004,"A","CCB","222","Central Classroom Building 222","CCB222","CONF","N","MAIN",25,"Y"," "," ",0,"Y"," "
"SJ000","CL111",3/22/2016,"A","CL","111","Clark Building 111","CL111","CMLB","N","MAIN",45,"Y"," "," ",0,"Y"," "
"SJ000","CL117",1/25/2006,"A","CL","117","Clark Building 117","CL117","LCTR","N","MAIN",70,"Y"," "," ",0,"Y"," "
"SJ000","CL118",9/10/2012,"A","CL","118","Clark Building 118","CL118","LAB","N","MAIN",32,"Y"," "," ",0,"Y"," "
"SJ000","CL122",10/16/2012,"A","CL","122","Clark Building 122","CL122","SMNR","N","MAIN",20,"Y"," "," ",0,"Y"," "
"SJ000","CL125",4/1/2016,"A","CL","125","Clark Building 125","CL125","OTHR","N","PDC",20,"Y"," "," ",0,"Y"," "
"SJ000","CL127",4/1/2016,"A","CL","127","Clark Building 127","CL127","OTHR","N","PDC",20,"Y"," "," ",0,"Y"," "
"SJ000","CL129",4/1/2016,"A","CL","129","Clark Building 129","CL129","OTHR","N","PDC",20,"Y"," "," ",0,"Y"," "
"SJ000","CL131",4/9/2016,"A","CL","131","Clark Building 131","CL131","OTHR","N","PDC",20,"Y"," "," ",0,"Y"," "
"SJ000","CL202",8/1/2016,"A","CL","202","Clark Building 202","CL202","LCTR","N","MAIN",48,"Y"," "," ",0,"Y"," "
"SJ000","CL203",6/9/2006,"A","CL","203","Clark Building 203","CL203","NCLS","N","MAIN",50,"Y"," "," ",0,"Y"," "
"SJ000","CL204",8/1/2016,"A","CL","204","Clark Building 204","CL204","LCTR","N","MAIN",48,"Y"," "," ",0,"Y"," "
"SJ000","CL205",1/25/2006,"A","CL","205","Clark Building 205","CL205","LCTR","N","MAIN",24,"Y"," "," ",0,"Y"," "
"SJ000","CL206",1/25/2006,"A","CL","206","Clark Building 206","CL206","LAB","N","MAIN",30,"Y"," "," ",0,"Y"," "
"SJ000","CL208",1/25/2006,"A","CL","208","Clark Building 208","CL208","NCLS","N","MAIN",30,"Y"," "," ",0,"Y"," "
"SJ000","CL216",1/25/2006,"A","CL","216","Clark Building 216","CL216","LCTR","N","MAIN",32,"Y"," "," ",0,"Y"," "
"SJ000","CL218",2/16/2018,"A","CL","218","Clark Building 218","CL218","LCTR","N","MAIN",26,"Y"," "," ",0,"Y"," "
"SJ000","CL222",8/21/2018,"A","CL","222","Clark Building 222","CL222","LCTR","N","MAIN",90,"Y"," "," ",0,"Y"," "
"SJ000","CL224",9/4/2007,"A","CL","224","Clark Building 224","CL224","LCTR","N","MAIN",54,"Y"," "," ",0,"Y"," "
"SJ000","CL225A",2/18/2019,"A","CL","225A","Clark Building 225A","CL225A","LCTR","N","MAIN",25,"Y"," "," ",0,"Y"," "
"SJ000","CL225B",2/18/2019,"A","CL","225B","Clark Building 225B","CL225B","LCTR","N","MAIN",25,"Y"," "," ",0,"Y"," "
"SJ000","CL226",8/21/2018,"A","CL","226","Clark Building 226","CL226","LCTR","N","MAIN",80,"Y"," "," ",0,"Y"," "
"SJ000","CL229",1/2/2014,"A","CL","229","Clark Building 229","CL229","OFF","N","MAIN",50,"Y"," "," ",0,"Y"," "
"SJ000","CL231",1/2/2014,"A","CL","231","Clark Building 231","CL231","OFF","N","MAIN",24,"Y"," "," ",0,"Y"," "
"SJ000","CL234",1/25/2006,"A","CL","234","Clark Building 234","CL234","LCTR","N","MAIN",40,"Y"," "," ",0,"Y"," "
"SJ000","CL238",8/19/2019,"A","CL","238","Clark Building 238","CL238","LCTR","N","MAIN",48,"Y"," "," ",0,"Y"," "
"SJ000","CL240",1/25/2006,"A","CL","240","Clark Building 240","CL240","LAB","N","MAIN",25,"Y"," "," ",0,"Y"," "
"SJ000","CL242",7/13/2006,"A","CL","242","Clark Building 242","CL242","LAB","N","MAIN",20,"Y"," "," ",0,"Y"," "
"SJ000","CL243",1/25/2006,"A","CL","243","Clark Building 243","CL243","LCTR","N","MAIN",30,"Y"," "," ",0,"Y"," "
"SJ000","CL244",1/25/2006,"A","CL","244","Clark Building 244","CL244","LAB","N","MAIN",25,"Y"," "," ",0,"Y"," "
"SJ000","CL302",8/1/2016,"A","CL","302","Clark Building 302","CL302","LCTR","N","MAIN",48,"Y"," "," ",0,"Y"," "
"SJ000","CL303A",2/18/2019,"A","CL","303A","Clark Building 303A","CL303A","LCTR","N","MAIN",25,"Y"," "," ",0,"Y"," "
"SJ000","CL303B",2/18/2019,"A","CL","303B","Clark Building 303B","CL303B","LCTR","N","MAIN",25,"Y"," "," ",0,"Y"," "
"SJ000","CL304",1/25/2006,"A","CL","304","Clark Building 304","CL304","LAB","N","MAIN",60,"Y"," "," ",0,"Y"," "
"SJ000","CL305",3/14/2012,"A","CL","305","Clark Building 305","CL305","NCLS","N","MAIN",18,"Y"," "," ",0,"Y"," "
"SJ000","CL306",1/25/2006,"A","CL","306","Clark Building 306","CL306","LCTR","N","MAIN",30,"Y"," "," ",0,"Y"," "
"SJ000","CL308",6/9/2006,"A","CL","308","Clark Building 308","CL308","LCTR","N","MAIN",30,"Y"," "," ",0,"Y"," "
"SJ000","CL310",6/9/2006,"A","CL","310","Clark Building 310","CL310","LCTR","N","MAIN",60,"Y"," "," ",0,"Y"," "
"SJ000","CL316",8/19/2008,"A","CL","316","Clark Building 316","CL316","LCTR","N","MAIN",25,"Y"," "," ",0,"Y"," "
"SJ000","CL318",8/19/2008,"A","CL","318","Clark Building 318","CL318","LCTR","N","MAIN",25,"Y"," "," ",0,"Y"," "
"SJ000","CL322",1/25/2006,"A","CL","322","Clark Building 322","CL322","LAB","N","MAIN",60,"Y"," "," ",0,"Y"," "
"SJ000","CL324",7/20/2016,"A","CL","324","Clark Building 324","CL324","LCTR","N","MAIN",48,"Y"," "," ",0,"Y"," "
"SJ000","CL421",3/16/2017,"A","CL","421","Clark Hall 421","CL421","CONF","N","MAIN",8,"Y"," "," ",0,"Y"," "
"SJ000","CP000",1/1/1902,"A","CP","000","Compass Point - PDC","CP000","NCLS","N","PCP000",0,"Y"," "," ",0,"Y"," "
"SJ000","DBH107",1/29/2004,"A","DBH","107","Dwight Bentel Hall 107","DBH107","CONF","N","MAIN",20,"Y"," "," ",0,"Y"," "
"SJ000","DBH117D",9/17/2015,"A","DBH","117D","Dwight Bentel Hall 117D","DBH117D","LAB","N","MAIN",30,"Y"," "," ",0,"Y"," "
"SJ000","DBH133",2/1/2024,"A","DBH","133","Dwight Bentel Hall 133","DBH133","CLEC","N","MAIN",75,"Y"," "," ",0,"Y"," "
"SJ000","DBH141",8/24/2016,"A","DBH","141","Dwight Bentel Hall 141","DBH141","LAB","N","MAIN",20,"Y"," "," ",0,"Y"," "
"SJ000","DBH202",5/31/2022,"A","DBH","202","Dwight Bentel Hall 202","DBH202","LAB","N","MAIN",24,"Y"," "," ",0,"Y"," "
"SJ000","DBH209",1/29/2004,"A","DBH","209","Dwight Bentel Hall 209","DBH209","LAB","N","MAIN",25,"Y"," "," ",0,"Y"," "
"SJ000","DBH209B",3/19/2004,"A","DBH","209B","Dwight Bentel Hall 209B","DBH209B","LAB","N","MAIN",20,"Y"," "," ",0,"Y"," "
"SJ000","DBH209I",1/29/2004,"A","DBH","209I","Dwight Bentel Hall 209I","DBH209I","LAB","N","MAIN",20,"Y"," "," ",0,"Y"," "
"SJ000","DBH213",1/29/2004,"A","DBH","213","Dwight Bentel Hall 213","DBH213","LAB","N","MAIN",15,"Y"," "," ",0,"Y"," "
"SJ000","DBH221",1/29/2004,"A","DBH","221","Dwight Bentel Hall 221","DBH221","LAB","N","MAIN",20,"Y"," "," ",0,"Y"," "
"SJ000","DBH222",6/5/2018,"A","DBH","222","Dwight Bentel Hall 222","DBH222","CMLB","N","MAIN",22,"Y"," "," ",0,"Y"," "
"SJ000","DBH224",6/5/2018,"A","DBH","224","Dwight Bentel Hall 224","DBH224","CMLB","N","MAIN",21,"Y"," "," ",0,"Y"," "
"SJ000","DBH225",2/1/2024,"A","DBH","225","Dwight Bentel Hall 225","DBH225","CLEC","N","MAIN",30,"Y"," "," ",0,"Y"," "
"SJ000","DBH226",6/5/2018,"A","DBH","226","Dwight Bentel Hall 226","DBH226","CMLB","N","MAIN",24,"Y"," "," ",0,"Y"," "
"SJ000","DBH228",6/5/2018,"A","DBH","228","Dwight Bentel Hall 228","DBH228","CMLB","N","MAIN",30,"Y"," "," ",0,"Y"," "
"SJ000","DH003B",1/23/2014,"A","DH","003B","Duncan Hall 003B","DH003B","LAB","N","MAIN",15,"Y"," "," ",0,"Y"," "
"SJ000","DH004",1/29/2004,"A","DH","004","Duncan Hall 004","DH004","NCLS","N","MAIN",0,"Y"," "," ",0,"Y"," "
"SJ000","DH004A",1/23/2014,"A","DH","004A","Duncan Hall 004A","DH004A","LAB","N","MAIN",15,"Y"," "," ",0,"Y"," "
"SJ000","DH005B",1/23/2014,"A","DH","005B","Duncan Hall 005B","DH005B","CONF","N","MAIN",15,"Y"," "," ",0,"Y"," "
"SJ000","DH007",1/23/2014,"A","DH","007","Duncan Hall 007","DH007","LAB","N","MAIN",15,"Y"," "," ",0,"Y"," "
"SJ000","DH009",1/23/2014,"A","DH","009","Duncan Hall 009","DH009","LAB","N","MAIN",15,"Y"," "," ",0,"Y"," "
"SJ000","DH010",6/2/2014,"A","DH","010","Duncan Hall 010","DH010","LAB","N","MAIN",20,"Y"," "," ",0,"Y"," "
"SJ000","DH011",1/26/2011,"A","DH","011","Duncan Hall 011","DH011","LAB","N","MAIN",20,"Y"," "," ",0,"Y"," "
"SJ000","DH012",1/23/2014,"A","DH","012","Duncan Hall 012","DH012","LAB","N","MAIN",15,"Y"," "," ",0,"Y"," "
"SJ000","DH012A",6/13/2017,"A","DH","012A","Duncan Hall 012A","DH012A","LAB","N","MAIN",10,"Y"," "," ",0,"Y"," "
"SJ000","DH013",1/23/2014,"A","DH","013","Duncan Hall 013","DH013","LAB","N","MAIN",15,"Y"," "," ",0,"Y"," "
"SJ000","DH014",1/23/2014,"A","DH","014","Duncan Hall 014","DH014","LAB","N","MAIN",15,"Y"," "," ",0,"Y"," "
"SJ000","DH017",8/1/2014,"A","DH","017","Duncan Hall 017","DH017","LAB","N","MAIN",15,"Y"," "," ",0,"Y"," "
"SJ000","DH031",9/14/2004,"A","DH","031","Duncan Hall 031","DH031","LAB","N","MAIN",30,"Y"," "," ",0,"Y"," "
"SJ000","DH035",3/8/2010,"A","DH","035","Duncan Hall 035","DH035","CONF","N","MAIN",25,"Y"," "," ",0,"Y"," "
"SJ000","DH083",1/29/2004,"A","DH","083","Duncan Hall 083","DH083","NCLS","N","MAIN",0,"Y"," "," ",0,"Y"," "
"SJ000","DH085",1/29/2004,"A","DH","085","Duncan Hall 085","DH085","NCLS","N","MAIN",0,"Y"," "," ",0,"Y"," "
"SJ000","DH135",8/24/2016,"A","DH","135","Duncan Hall 135","DH135","LCTR","N","MAIN",96,"Y"," "," ",0,"Y"," "
"SJ000","DH183",1/29/2004,"A","DH","183","Duncan Hall 183","DH183","LAB","N","MAIN",12,"Y"," "," ",0,"Y"," "
"SJ000","DH185",1/29/2004,"A","DH","185","Duncan Hall 185","DH185","LAB","N","MAIN",12,"Y"," "," ",0,"Y"," "
"SJ000","DH205",6/2/2014,"A","DH","205","Duncan Hall 205","DH205","LAB","N","MAIN",20,"Y"," "," ",0,"Y"," "
"SJ000","DH208",6/2/2014,"A","DH","208","Duncan Hall 208","DH208","LAB","N","MAIN",50,"Y"," "," ",0,"Y"," "
"SJ000","DH210",3/14/2012,"A","DH","210","Duncan Hall 210","DH210","CMLB","N","MAIN",24,"Y"," "," ",0,"Y"," "
"SJ000","DH213",1/29/2004,"A","DH","213","Duncan Hall 213","DH213","LAB","N","MAIN",4,"Y"," "," ",0,"Y"," "
"SJ000","DH214",4/7/2003,"A","DH","214","Duncan Hall 214","Conference","CONF","N","MAIN",12,"Y"," "," ",0,"Y"," "
"SJ000","DH216",1/29/2004,"A","DH","216","Duncan Hall 216","DH216","LAB","N","MAIN",24,"Y"," "," ",0,"Y"," "
"SJ000","DH217",9/30/2019,"A","DH","217","Duncan Hall 217","DH217","CONF","N","MAIN",10,"Y"," "," ",0,"Y"," "
"SJ000","DH218",1/29/2004,"A","DH","218","Duncan Hall 218","DH218","LAB","N","MAIN",24,"Y"," "," ",0,"Y"," "
"SJ000","DH219",1/16/2024,"A","DH","219","Duncan Hall 219","DH219","LCTR","N","MAIN",24,"Y"," "," ",0,"Y"," "
"SJ000","DH221",6/2/2014,"A","DH","221","Duncan Hall 221","DH221","LAB","N","MAIN",20,"Y"," "," ",0,"Y"," "
"SJ000","DH224",1/24/2007,"A","DH","224","Duncan Hall 224","DH224","NCLS","N","MAIN",10,"Y"," "," ",0,"Y"," "
"SJ000","DH241",8/3/2011,"A","DH","241","Duncan Hall 241","DH241","LAB","N","MAIN",32,"Y"," "," ",0,"Y"," "
"SJ000","DH242",1/29/2004,"A","DH","242","Duncan Hall 242","DH242","LAB","N","MAIN",16,"Y"," "," ",0,"Y"," "
"SJ000","DH243",11/3/2017,"A","DH","243","Duncan Hall 243","DH243","LCTR","N","MAIN",35,"Y"," "," ",0,"Y"," "
"SJ000","DH245",3/23/2015,"A","DH","245","Duncan Hall 245","DH245","LAB","N","MAIN",24,"Y"," "," ",0,"Y"," "
"SJ000","DH246",6/2/2014,"A","DH","246","Duncan Hall 246","DH246","LAB","N","MAIN",30,"Y"," "," ",0,"Y"," "
"SJ000","DH247A",1/29/2004,"A","DH","247A","Duncan Hall 247A","DH247A","LAB","N","MAIN",0,"Y"," "," ",0,"Y"," "
"SJ000","DH248B",1/29/2004,"A","DH","248B","Duncan Hall 248B","DH248B","LAB","N","MAIN",0,"Y"," "," ",0,"Y"," "
"SJ000","DH248C",1/29/2004,"A","DH","248C","Duncan Hall 248C","DH248C","LAB","N","MAIN",0,"Y"," "," ",0,"Y"," "
"SJ000","DH249",6/2/2014,"A","DH","249","Duncan Hall 249","DH249","CONF","N","MAIN",40,"Y"," "," ",0,"Y"," "
"SJ000","DH250",2/16/2018,"A","DH","250","Duncan Hall 250","DH250","LCTR","N","MAIN",63,"Y"," "," ",0,"Y"," "
"SJ000","DH280",4/22/2010,"A","DH","280","Duncan Hall 280","DH280","NCLS","N","MAIN",10,"Y"," "," ",0,"Y"," "
"SJ000","DH281",1/23/2014,"A","DH","281","Duncan Hall 281","DH281","LAB","N","MAIN",15,"Y"," "," ",0,"Y"," "
"SJ000","DH285",1/23/2014,"A","DH","285","Duncan Hall 285","DH285","LAB","N","MAIN",15,"Y"," "," ",0,"Y"," "
"SJ000","DH286",1/29/2004,"A","DH","286","Duncan Hall 286","DH286","NCLS","N","MAIN",0,"Y"," "," ",0,"Y"," "
"SJ000","DH303",8/24/2018,"A","DH","303","Duncan Hall 303","DH303","LAB","N","MAIN",30,"Y"," "," ",0,"Y"," "
"SJ000","DH306",8/21/2018,"A","DH","306","Duncan Hall 306","DH306","LAB","N","MAIN",40,"Y"," "," ",0,"Y"," "
"SJ000","DH309",6/2/2014,"A","DH","309","Duncan Hall 309","DH309","LAB","N","MAIN",20,"Y"," "," ",0,"Y"," "
"SJ000","DH311",1/29/2004,"A","DH","311","Duncan Hall 311","DH311","LAB","N","MAIN",30,"Y"," "," ",0,"Y"," "
"SJ000","DH316",6/2/2014,"A","DH","316","Duncan Hall 316","DH316","LAB","N","MAIN",20,"Y"," "," ",0,"Y"," "
"SJ000","DH318",2/16/2018,"A","DH","318","Duncan Hall 318","DH318","LCTR","N","MAIN",46,"Y"," "," ",0,"Y"," "
"SJ000","DH337",1/29/2004,"A","DH","337","Duncan Hall 337","DH337","LAB","N","MAIN",25,"Y"," "," ",0,"Y"," "
"SJ000","DH341",1/29/2004,"A","DH","341","Duncan Hall 341","DH341","LAB","N","MAIN",30,"Y"," "," ",0,"Y"," "
"SJ000","DH344",11/25/2015,"A","DH","344","Duncan Hall 344","DH344","LAB","N","MAIN",42,"Y"," "," ",0,"Y"," "
"SJ000","DH345",6/2/2014,"A","DH","345","Duncan Hall 345","DH345","LAB","N","MAIN",25,"Y"," "," ",0,"Y"," "
"SJ000","DH348",1/29/2010,"A","DH","348","Duncan Hall 348","DH348","CONF","N","MAIN",15,"Y"," "," ",0,"Y"," "
"SJ000","DH350",1/29/2004,"A","DH","350","Duncan Hall 350","DH350","CMLB","N","MAIN",20,"Y"," "," ",0,"Y"," "
"SJ000","DH351",2/16/2018,"A","DH","351","Duncan Hall 351","DH351","LCTR","N","MAIN",63,"Y"," "," ",0,"Y"," "
"SJ000","DH352",1/29/2004,"A","DH","352","Duncan Hall 352","DH352","LAB","N","MAIN",20,"Y"," "," ",0,"Y"," "
"SJ000","DH406",1/29/2004,"A","DH","406","Duncan Hall 406","DH406","LAB","N","MAIN",25,"Y"," "," ",0,"Y"," "
"SJ000","DH407",1/29/2004,"A","DH","407","Duncan Hall 407","DH407","LAB","N","MAIN",16,"Y"," "," ",0,"Y"," "
"SJ000","DH410",1/29/2004,"A","DH","410","Duncan Hall 410","DH410","LAB","N","MAIN",25,"Y"," "," ",0,"Y"," "
"SJ000","DH412",1/29/2004,"A","DH","412","Duncan Hall 412","DH412","LAB","N","MAIN",30,"Y"," "," ",0,"Y"," "
"SJ000","DH413",6/2/2014,"A","DH","413","Duncan Hall 413","DH413","LAB","N","MAIN",25,"Y"," "," ",0,"Y"," "
"SJ000","DH415",7/20/2016,"A","DH","415","Duncan Hall 415","DH415","LCTR","N","MAIN",48,"Y"," "," ",0,"Y"," "
"SJ000","DH416",3/2/2004,"A","DH","416","Duncan Hall 416","DH416","LCTR","N","MAIN",35,"Y"," "," ",0,"Y"," "
"SJ000","DH417A",7/26/2016,"A","DH","417A","Duncan Hall 417A","DH417A","LAB","N","MAIN",5,"Y"," "," ",0,"Y"," "
"SJ000","DH440",1/29/2004,"A","DH","440","Duncan Hall 440","DH440","LAB","N","MAIN",24,"Y"," "," ",0,"Y"," "
"SJ000","DH441",6/2/2014,"A","DH","441","Duncan Hall 441","DH441","LAB","N","MAIN",25,"Y"," "," ",0,"Y"," "
"SJ000","DH442",1/29/2004,"A","DH","442","Duncan Hall 442","DH442","LAB","N","MAIN",20,"Y"," "," ",0,"Y"," "
"SJ000","DH443",1/29/2004,"A","DH","443","Duncan Hall 443","DH443","LAB","N","MAIN",25,"Y"," "," ",0,"Y"," "
"SJ000","DH448",6/2/2014,"A","DH","448","Duncan Hall 448","DH448","LAB","N","MAIN",30,"Y"," "," ",0,"Y"," "
"SJ000","DH450",1/29/2004,"A","DH","450","Duncan Hall 450","DH450","NCLS","N","MAIN",30,"Y"," "," ",0,"Y"," "
"SJ000","DH503",6/2/2014,"A","DH","503","Duncan Hall 503","DH503","LAB","N","MAIN",35,"Y"," "," ",0,"Y"," "
"SJ000","DH505",1/23/2014,"A","DH","505","Duncan Hall 505","DH505","CONF","N","MAIN",40,"Y"," "," ",0,"Y"," "
"SJ000","DH506",6/2/2014,"A","DH","506","Duncan Hall 506","DH506","LAB","N","MAIN",25,"Y"," "," ",0,"Y"," "
"SJ000","DH507",6/2/2014,"A","DH","507","Duncan Hall 507","DH507","LAB","N","MAIN",25,"Y"," "," ",0,"Y"," "
"SJ000","DH509",6/2/2014,"A","DH","509","Duncan Hall 509","DH509","LAB","N","MAIN",25,"Y"," "," ",0,"Y"," "
"SJ000","DH515",2/16/2018,"A","DH","515","Duncan Hall 515","DH515","LCTR","N","MAIN",46,"Y"," "," ",0,"Y"," "
"SJ000","DH516A",5/1/2019,"A","DH","516A","Duncan Hall 516A","DH516A","RLAB","N","MAIN",10,"Y"," "," ",0,"Y"," "
"SJ000","DH536",1/29/2004,"A","DH","536","Duncan Hall 536","DH536","LAB","N","MAIN",2,"Y"," "," ",0,"Y"," "
"SJ000","DH537",1/29/2004,"A","DH","537","Duncan Hall 537","DH537","LAB","N","MAIN",6,"Y"," "," ",0,"Y"," "
"SJ000","DH542",1/29/2004,"A","DH","542","Duncan Hall 542","DH542","LAB","N","MAIN",24,"Y"," "," ",0,"Y"," "
"SJ000","DH543",1/29/2004,"A","DH","543","Duncan Hall 543","DH543","LAB","N","MAIN",0,"Y"," "," ",0,"Y"," "
"SJ000","DH544",1/29/2004,"A","DH","544","Duncan Hall 544","DH544","LAB","N","MAIN",40,"Y"," "," ",0,"Y"," "
"SJ000","DH547",10/27/2011,"A","DH","547","Duncan Hall 547","DH547","LAB","N","MAIN",32,"Y"," "," ",0,"Y"," "
"SJ000","DH549",6/11/2018,"A","DH","549","Duncan Hall 549","DH549","LAB","N","MAIN",24,"Y"," "," ",0,"Y"," "
"SJ000","DH550",6/2/2014,"A","DH","550","Duncan Hall 550","DH550","CMLB","N","MAIN",25,"Y"," "," ",0,"Y"," "
"SJ000","DH551",1/29/2004,"A","DH","551","Duncan Hall 551","DH551","LAB","N","MAIN",12,"Y"," "," ",0,"Y"," "
"SJ000","DH552",1/29/2004,"A","DH","552","Duncan Hall 552","DH552","LAB","N","MAIN",25,"Y"," "," ",0,"Y"," "
"SJ000","DH601",1/29/2004,"A","DH","601","Duncan Hall 601","DH601","LAB","N","MAIN",20,"Y"," "," ",0,"Y"," "
"SJ000","DH602",12/2/2015,"A","DH","602","Duncan Hall 602","DH 602","LAB","N","MAIN",20,"Y"," "," ",0,"Y"," "
"SJ000","DH603",1/23/2014,"A","DH","603","Duncan Hall 603","DH603","LAB","N","MAIN",15,"Y"," "," ",0,"Y"," "
"SJ000","DH603A",1/23/2014,"A","DH","603A","Duncan Hall 603A","DH603A","LAB","N","MAIN",15,"Y"," "," ",0,"Y"," "
"SJ000","DH605",11/13/2019,"A","DH","605","Duncan Hall 605","DH605","LAB","N","MAIN",5,"Y"," "," ",0,"Y"," "
"SJ000","DH607A",1/23/2014,"A","DH","607A","Duncan Hall 607A","DH607A","LAB","N","MAIN",15,"Y"," "," ",0,"Y"," "
"SJ000","DH609",6/2/2014,"A","DH","609","Duncan Hall 609","DH609","LAB","N","MAIN",17,"Y"," "," ",0,"Y"," "
"SJ000","DH609A",1/23/2014,"A","DH","609A","Duncan Hall 609A","DH609A","LAB","N","MAIN",15,"Y"," "," ",0,"Y"," "
"SJ000","DH609B",1/23/2014,"A","DH","609B","Duncan Hall 609B","DH 609B","LAB","N","MAIN",15,"Y"," "," ",0,"Y"," "
"SJ000","DH611",6/2/2014,"A","DH","611","Duncan Hall 611","DH611","LAB","N","MAIN",25,"Y"," "," ",0,"Y"," "
"SJ000","DH611C",1/23/2014,"A","DH","611C","Duncan Hall 611C","DH611C","LAB","N","MAIN",15,"Y"," "," ",0,"Y"," "
"SJ000","DH612A",1/23/2014,"A","DH","612A","Duncan Hall 612A","DH612A","LAB","N","MAIN",15,"Y"," "," ",0,"Y"," "
"SJ000","DH614",1/29/2004,"A","DH","614","Duncan Hall 614","DH614","LAB","N","MAIN",24,"Y"," "," ",0,"Y"," "
"SJ000","DH615",6/2/2014,"A","DH","615","Duncan Hall 615","DH615","LAB","N","MAIN",25,"Y"," "," ",0,"Y"," "
"SJ000","DH621",3/14/2023,"A","DH","621","Duncan Hall 621","DH621","LAB","N","MAIN",4,"Y"," "," ",0,"Y"," "
"SJ000","DH639",1/29/2004,"A","DH","639","Duncan Hall 639","DH639","NCLS","N","MAIN",0,"Y"," "," ",0,"Y"," "
"SJ000","DH639A",1/29/2004,"A","DH","639A","Duncan Hall 639A","DH639A","NCLS","N","MAIN",0,"Y"," "," ",0,"Y"," "
"SJ000","DH639B",1/29/2004,"A","DH","639B","Duncan Hall 639B","DH639B","NCLS","N","MAIN",0,"Y"," "," ",0,"Y"," "
"SJ000","DH640",6/2/2014,"A","DH","640","Duncan Hall 640","DH640","LAB","N","MAIN",20,"Y"," "," ",0,"Y"," "
"SJ000","DH641",1/29/2004,"A","DH","641","Duncan Hall 641","DH641","LAB","N","MAIN",12,"Y"," "," ",0,"Y"," "
"SJ000","DH643",1/29/2004,"A","DH","643","Duncan Hall 643","DH643","LAB","N","MAIN",16,"Y"," "," ",0,"Y"," "
"SJ000","DH645",1/29/2004,"A","DH","645","Duncan Hall 645","DH645","LAB","N","MAIN",30,"Y"," "," ",0,"Y"," "
"SJ000","DH647",1/29/2004,"A","DH","647","Duncan Hall 647","DH647","LAB","N","MAIN",20,"Y"," "," ",0,"Y"," "
"SJ000","DH649",1/29/2004,"A","DH","649","Duncan Hall 649","DH649","LAB","N","MAIN",30,"Y"," "," ",0,"Y"," "
"SJ000","DH652",1/29/2004,"A","DH","652","Duncan Hall 652","DH652","LAB","N","MAIN",8,"Y"," "," ",0,"Y"," "
"SJ000","DH654",1/29/2004,"A","DH","654","Duncan Hall 654","DH654","LAB","N","MAIN",10,"Y"," "," ",0,"Y"," "
"SJ000","DH801",9/15/2009,"A","DH","801","Duncan Hall 801","DH801","LAB","N","MAIN",15,"Y"," "," ",0,"Y"," "
"SJ000","DMH149A",1/1/2016,"A","DMH","149A","Dudley Moorhead Hall 149A","DMH149A","LCTR","N","MAIN",45,"Y"," "," ",0,"Y"," "
"SJ000","DMH149B",8/1/2016,"A","DMH","149B","Dudley Moorhead Hall 149B","DMH149B","LCTR","N","MAIN",48,"Y"," "," ",0,"Y"," "
"SJ000","DMH150",8/20/2015,"A","DMH","150","Dudley Moorhead Hall 150","DMH150","LCTR","N","MAIN",78,"Y"," "," ",0,"Y"," "
"SJ000","DMH160",9/7/2017,"A","DMH","160","Dudley Moorhead Hall 160","DMH160","LCTR","N","MAIN",45,"Y"," "," ",0,"Y"," "
"SJ000","DMH161",9/7/2017,"A","DMH","161","Dudley Moorhead Hall 161","DMH161","LCTR","N","MAIN",49,"Y"," "," ",0,"Y"," "
"SJ000","DMH162",2/16/2018,"A","DMH","162","Dudley Moorhead Hall 162","DMH162","LCTR","N","MAIN",33,"Y"," "," ",0,"Y"," "
"SJ000","DMH163",9/7/2017,"A","DMH","163","Dudley Moorhead Hall 163","DMH163","LCTR","N","MAIN",43,"Y"," "," ",0,"Y"," "
"SJ000","DMH164",2/16/2018,"A","DMH","164","Dudley Moorhead Hall 164","DMH164","LCTR","N","MAIN",43,"Y"," "," ",0,"Y"," "
"SJ000","DMH165",2/16/2018,"A","DMH","165","Dudley Moorhead Hall 165","DMH165","LCTR","N","MAIN",43,"Y"," "," ",0,"Y"," "
"SJ000","DMH166",9/7/2017,"A","DMH","166","Dudley Moorhead Hall 166","DMH166","LCTR","N","MAIN",43,"Y"," "," ",0,"Y"," "
"SJ000","DMH167",2/16/2018,"A","DMH","167","Dudley Moorhead Hall 167","DMH167","LCTR","N","MAIN",33,"Y"," "," ",0,"Y"," "
"SJ000","DMH208",2/16/2018,"A","DMH","208","Dudley Moorhead Hall 208","DMH208","LCTR","N","MAIN",41,"Y"," "," ",0,"Y"," "
"SJ000","DMH226A",2/16/2018,"A","DMH","226A","Dudley Moorhead Hall 226A","DMH226A","LCTR","N","MAIN",37,"Y"," "," ",0,"Y"," "
"SJ000","DMH226B",2/16/2018,"A","DMH","226B","Dudley Moorhead Hall 226B","DMH226B","LCTR","N","MAIN",37,"Y"," "," ",0,"Y"," "
"SJ000","DMH227",2/16/2018,"A","DMH","227","Dudley Moorhead Hall 227","DMH227","LCTR","N","MAIN",80,"Y"," "," ",0,"Y"," "
"SJ000","DMH231",2/16/2018,"A","DMH","231","Dudley Moorhead Hall 231","DMH231","LCTR","N","MAIN",36,"Y"," "," ",0,"Y"," "
"SJ000","DMH234",2/16/2018,"A","DMH","234","Dudley Moorhead Hall 234","DMH234","LCTR","N","MAIN",59,"Y"," "," ",0,"Y"," "
"SJ000","DMH235B",1/22/2013,"A","DMH","235B","Dudley Mooorhead Hall 235B","DMH 235B","CONF","N","MAIN",12,"Y"," "," ",0,"Y"," "
"SJ000","DMH236",1/29/2004,"A","DMH","236","Dudley Moorhead Hall 236","DMH236","NCLS","N","MAIN",22,"Y"," "," ",0,"Y"," "
"SJ000","DMH308",2/1/2024,"A","DMH","308","Dudley Moorhead Hall 308","DMH308","CLEC","N","MAIN",20,"Y"," "," ",0,"Y"," "
"SJ000","DMH339",1/29/2004,"A","DMH","339","Dudley Moorhead Hall 339","DMH339","LAB","N","MAIN",25,"Y"," "," ",0,"Y"," "
"SJ000","DMH347",9/4/2007,"A","DMH","347","Dudley Moorhead Hall 347","DMH347","LCTR","N","MAIN",27,"Y"," "," ",0,"Y"," "
"SJ000","DMH348",2/16/2018,"A","DMH","348","Dudley Moorhead Hall 348","DMH348","LCTR","N","MAIN",48,"Y"," "," ",0,"Y"," "
"SJ000","DMH353",2/1/2024,"A","DMH","353","Dudley Moorhead Hall 353","DMH353","CLEC","N","MAIN",50,"Y"," "," ",0,"Y"," "
"SJ000","DMH354",2/16/2018,"A","DMH","354","Dudley Moorhead Hall 354","DMH354","LCTR","N","MAIN",33,"Y"," "," ",0,"Y"," "
"SJ000","DMH355",2/16/2018,"A","DMH","355","Dudley Moorhead Hall 355","DMH355","LCTR","N","MAIN",43,"Y"," "," ",0,"Y"," "
"SJ000","DMH356",2/16/2018,"A","DMH","356","Dudley Moorhead Hall 356","DMH356","LCTR","N","MAIN",43,"Y"," "," ",0,"Y"," "
"SJ000","DMH357",9/7/2017,"A","DMH","357","Dudley Moorhead Hall 357","DMH357","LCTR","N","MAIN",43,"Y"," "," ",0,"Y"," "
"SJ000","DMH358",2/16/2018,"A","DMH","358","Dudley Moorhead Hall 358","DMH358","LCTR","N","MAIN",43,"Y"," "," ",0,"Y"," "
"SJ000","DMH359",2/16/2018,"A","DMH","359","Dudley Moorhead Hall 359","DMH359","LCTR","N","MAIN",33,"Y"," "," ",0,"Y"," "
"SJ000","ECAER",2/19/2009,"A","EC","AER","Event Center Aerobics","EC AER","NCLS","N","MAIN",300,"Y"," "," ",0,"Y"," "
"SJ000","ECBLDG",1/1/1902,"A","EC","BLDG","Event Center Building","ECBLDG","NCLS","N","MAIN",10,"Y"," "," ",0,"Y"," "
"SJ000","ECRQB",2/19/2009,"A","EC","RQB","Event Center Racquetball","ECRQB","NCLS","N","MAIN",4,"Y"," "," ",0,"Y"," "
"SJ000","ENG101",1/29/2004,"A","ENG","101","Engineering Building 101","ENG101","LAB","N","MAIN",12,"Y"," "," ",0,"Y"," "
"SJ000","ENG103",1/29/2004,"A","ENG","103","Engineering Building 103","ENG103","LAB","N","MAIN",31,"Y"," "," ",0,"Y"," "
"SJ000","ENG105",8/21/2018,"A","ENG","105","Engineering Building 105","ENG105","LAB","N","MAIN",16,"Y"," "," ",0,"Y"," "
"SJ000","ENG106",1/29/2004,"A","ENG","106","Engineering Building 106","ENG106","LAB","N","MAIN",12,"Y"," "," ",0,"Y"," "
"SJ000","ENG107",1/29/2004,"A","ENG","107","Engineering Building 107","ENG107","LAB","N","MAIN",10,"Y"," "," ",0,"Y"," "
"SJ000","ENG109",1/29/2004,"A","ENG","109","Engineering Building 109","ENG109","LAB","N","MAIN",15,"Y"," "," ",0,"Y"," "
"SJ000","ENG111",1/29/2004,"A","ENG","111","Engineering Building 111","ENG111","LAB","N","MAIN",20,"Y"," "," ",0,"Y"," "
"SJ000","ENG113",8/21/2018,"A","ENG","113","Engineering Building 113","ENG113","LAB","N","MAIN",15,"Y"," "," ",0,"Y"," "
"SJ000","ENG114",1/29/2004,"A","ENG","114","Engineering Building 114","ENG114","LAB","N","MAIN",15,"Y"," "," ",0,"Y"," "
"SJ000","ENG115",1/29/2004,"A","ENG","115","Engineering Building 115","ENG115","LAB","N","MAIN",20,"Y"," "," ",0,"Y"," "
"SJ000","ENG117",1/29/2004,"A","ENG","117","Engineering Building 117","ENG117","LAB","N","MAIN",20,"Y"," "," ",0,"Y"," "
"SJ000","ENG120",1/29/2004,"A","ENG","120","Engineering Building 120","ENG120","LAB","N","MAIN",1,"Y"," "," ",0,"Y"," "
"SJ000","ENG123",1/29/2004,"A","ENG","123","Engineering Building 123","ENG123","LAB","N","MAIN",15,"Y"," "," ",0,"Y"," "
"SJ000","ENG125",1/29/2004,"A","ENG","125","Engineering Building 125","ENG125","NCLS","N","MAIN",20,"Y"," "," ",0,"Y"," "
"SJ000","ENG125A",1/29/2004,"A","ENG","125A","Engineering Building 125A","ENG125A","LAB","N","MAIN",10,"Y"," "," ",0,"Y"," "
"SJ000","ENG127",1/29/2004,"A","ENG","127","Engineering Building 127","ENG127","LAB","N","MAIN",13,"Y"," "," ",0,"Y"," "
"SJ000","ENG129",1/29/2004,"A","ENG","129","Engineering Building 129","ENG129","LAB","N","MAIN",3,"Y"," "," ",0,"Y"," "
"SJ000","ENG130",1/29/2004,"A","ENG","130","Engineering Building 130","ENG130","LAB","N","MAIN",20,"Y"," "," ",0,"Y"," "
"SJ000","ENG131",8/21/2018,"A","ENG","131","Engineering Building 131","ENG131","LAB","N","MAIN",35,"Y"," "," ",0,"Y"," "
"SJ000","ENG132",1/29/2004,"A","ENG","132","Engineering Building 132","ENG132","LAB","N","MAIN",25,"Y"," "," ",0,"Y"," "
"SJ000","ENG133",1/29/2004,"A","ENG","133","Engineering Building 133","ENG133","LAB","N","MAIN",30,"Y"," "," ",0,"Y"," "
"SJ000","ENG134",1/29/2004,"A","ENG","134","Engineering Building 134","ENG134","LAB","N","MAIN",25,"Y"," "," ",0,"Y"," "
"SJ000","ENG135",1/29/2004,"A","ENG","135","Engineering Building 135","ENG135","LAB","N","MAIN",20,"Y"," "," ",0,"Y"," "
"SJ000","ENG141",1/29/2004,"A","ENG","141","Engineering Building 141","ENG141","LAB","N","MAIN",20,"Y"," "," ",0,"Y"," "
"SJ000","ENG150",1/29/2004,"A","ENG","150","Engineering Building 150","ENG150","LAB","N","MAIN",40,"Y"," "," ",0,"Y"," "
"SJ000","ENG164",1/29/2004,"A","ENG","164","Engineering Building 164","ENG164","LAB","N","MAIN",20,"Y"," "," ",0,"Y"," "
"SJ000","ENG189",1/29/2004,"A","ENG","189","Engineering Building 189","ENG189","AUD","N","MAIN",214,"Y"," "," ",0,"Y"," "
"SJ000","ENG192",1/29/2004,"A","ENG","192","Engineering Building 192","ENG192","LAB","N","MAIN",40,"Y"," "," ",0,"Y"," "
"SJ000","ENG194",1/29/2004,"A","ENG","194","Engineering Building 194","ENG194","LAB","N","MAIN",25,"Y"," "," ",0,"Y"," "
"SJ000","ENG201",1/29/2004,"A","ENG","201","Engineering Building 201","ENG201","LAB","N","MAIN",15,"Y"," "," ",0,"Y"," "
"SJ000","ENG203",1/29/2004,"A","ENG","203","Engineering Building 203","ENG203","LAB","N","MAIN",9,"Y"," "," ",0,"Y"," "
"SJ000","ENG205",1/29/2004,"A","ENG","205","Engineering Building 205","ENG205","LAB","N","MAIN",15,"Y"," "," ",0,"Y"," "
"SJ000","ENG206",1/29/2004,"A","ENG","206","Engineering Building 206","ENG206","LAB","N","MAIN",40,"Y"," "," ",0,"Y"," "
"SJ000","ENG207",1/29/2004,"A","ENG","207","Engineering Building 207","ENG207","LAB","N","MAIN",15,"Y"," "," ",0,"Y"," "
"SJ000","ENG209",8/21/2018,"A","ENG","209","Engineering Building 209","ENG209","LAB","N","MAIN",18,"Y"," "," ",0,"Y"," "
"SJ000","ENG211",1/29/2004,"A","ENG","211","Engineering Building 211","ENG211","LAB","N","MAIN",8,"Y"," "," ",0,"Y"," "
"SJ000","ENG213",1/29/2004,"A","ENG","213","Engineering Building 213","ENG213","LAB","N","MAIN",20,"Y"," "," ",0,"Y"," "
"SJ000","ENG215",1/29/2004,"A","ENG","215","Engineering Building 215","ENG215","LAB","N","MAIN",20,"Y"," "," ",0,"Y"," "
"SJ000","ENG217",1/29/2004,"A","ENG","217","Engineering Building 217","ENG217","LAB","N","MAIN",10,"Y"," "," ",0,"Y"," "
"SJ000","ENG221",1/29/2004,"A","ENG","221","Engineering Building 221","ENG221","LAB","N","MAIN",19,"Y"," "," ",0,"Y"," "
"SJ000","ENG223",1/29/2004,"A","ENG","223","Engineering Building 223","ENG223","LAB","N","MAIN",5,"Y"," "," ",0,"Y"," "
"SJ000","ENG225",1/29/2004,"A","ENG","225","Engineering Building 225","ENG225","LAB","N","MAIN",15,"Y"," "," ",0,"Y"," "
"SJ000","ENG227",1/29/2004,"A","ENG","227","Engineering Building 227","ENG227","LAB","N","MAIN",7,"Y"," "," ",0,"Y"," "
"SJ000","ENG228",1/29/2004,"A","ENG","228","Engineering Building 228","ENG228","LAB","N","MAIN",16,"Y"," "," ",0,"Y"," "
"SJ000","ENG229",1/29/2004,"A","ENG","229","Engineering Building 229","ENG229","LAB","N","MAIN",8,"Y"," "," ",0,"Y"," "
"SJ000","ENG231",1/29/2004,"A","ENG","231","Engineering Building 231","ENG231","LAB","N","MAIN",15,"Y"," "," ",0,"Y"," "
"SJ000","ENG232",3/3/2004,"A","ENG","232","Engineering Building 232","ENG232","LCTR","N","MAIN",40,"Y"," "," ",0,"Y"," "
"SJ000","ENG233",8/19/2013,"A","ENG","233","Engineering Building 233","ENG233","LAB","N","MAIN",1,"Y"," "," ",0,"Y"," "
"SJ000","ENG233A",1/29/2004,"A","ENG","233A","Engineering Building 233A","ENG233A","LAB","N","MAIN",1,"Y"," "," ",0,"Y"," "
"SJ000","ENG233B",1/29/2004,"A","ENG","233B","Engineering Building 233B","ENG233B","LAB","N","MAIN",1,"Y"," "," ",0,"Y"," "
"SJ000","ENG233C",9/21/2018,"A","ENG","233C","Engineering Building 233C","ENG233C","LAB","N","MAIN",15,"Y"," "," ",0,"Y"," "
"SJ000","ENG233D",1/29/2004,"A","ENG","233D","Engineering Building 233D","ENG233D","LAB","N","MAIN",1,"Y"," "," ",0,"Y"," "
"SJ000","ENG233E",1/29/2004,"A","ENG","233E","Engineering Building 233E","ENG233E","LAB","N","MAIN",1,"Y"," "," ",0,"Y"," "
"SJ000","ENG233F",1/29/2004,"A","ENG","233F","Engineering Building 233F","ENG233F","LAB","N","MAIN",1,"Y"," "," ",0,"Y"," "
"SJ000","ENG233G",1/29/2004,"A","ENG","233G","Engineering Building 233G","ENG233G","LAB","N","MAIN",1,"Y"," "," ",0,"Y"," "
"SJ000","ENG233H",1/29/2004,"A","ENG","233H","Engineering Building 233H","ENG233H","LAB","N","MAIN",1,"Y"," "," ",0,"Y"," "
"SJ000","ENG233I",1/29/2004,"A","ENG","233I","Engineering Building 233I","ENG233I","LAB","N","MAIN",5,"Y"," "," ",0,"Y"," "
"SJ000","ENG233J",1/29/2004,"A","ENG","233J","Engineering Building 233J","ENG233J","LAB","N","MAIN",2,"Y"," "," ",0,"Y"," "
"SJ000","ENG233K",1/29/2004,"A","ENG","233K","Engineering Building 233K","ENG233K","LAB","N","MAIN",1,"Y"," "," ",0,"Y"," "
"SJ000","ENG233L",1/29/2004,"A","ENG","233L","Engineering Building 233L","ENG233L","NCLS","N","MAIN",0,"Y"," "," ",0,"Y"," "
"SJ000","ENG235",1/29/2004,"A","ENG","235","Engineering Building 235","ENG235","LAB","N","MAIN",4,"Y"," "," ",0,"Y"," "
"SJ000","ENG236",1/29/2004,"A","ENG","236","Engineering Building 236","ENG236","LAB","N","MAIN",8,"Y"," "," ",0,"Y"," "
"SJ000","ENG238",1/29/2004,"A","ENG","238","Engineering Building 238","ENG238","LAB","N","MAIN",48,"Y"," "," ",0,"Y"," "
"SJ000","ENG240",1/29/2004,"A","ENG","240","Engineering Building 240","ENG240","LAB","N","MAIN",2,"Y"," "," ",0,"Y"," "
"SJ000","ENG242",1/29/2004,"A","ENG","242","Engineering Building 242","ENG242","LAB","N","MAIN",10,"Y"," "," ",0,"Y"," "
"SJ000","ENG244",1/29/2004,"A","ENG","244","Engineering Building 244","ENG244","LAB","N","MAIN",48,"Y"," "," ",0,"Y"," "
"SJ000","ENG249",1/29/2004,"A","ENG","249","Engineering Building 249","ENG249","LAB","N","MAIN",34,"Y"," "," ",0,"Y"," "
"SJ000","ENG258",1/29/2004,"A","ENG","258","Engineering Building 258","ENG258","LAB","N","MAIN",24,"Y"," "," ",0,"Y"," "
"SJ000","ENG268",1/29/2004,"A","ENG","268","Engineering Building 268","ENG268","LAB","N","MAIN",35,"Y"," "," ",0,"Y"," "
"SJ000","ENG272",1/29/2004,"A","ENG","272","Engineering Building 272","ENG272","LAB","N","MAIN",15,"Y"," "," ",0,"Y"," "
"SJ000","ENG276",8/22/2012,"A","ENG","276","Engineering Building 276","ENG276","LAB","N","MAIN",30,"Y"," "," ",0,"Y"," "
"SJ000","ENG278",1/29/2004,"A","ENG","278","Engineering Building 278","ENG278","LAB","N","MAIN",100,"Y"," "," ",0,"Y"," "
"SJ000","ENG284",1/29/2004,"A","ENG","284","Engineering Building 284","ENG284","LAB","N","MAIN",6,"Y"," "," ",0,"Y"," "
"SJ000","ENG286",1/29/2004,"A","ENG","286","Engineering Building 286","ENG286","LAB","N","MAIN",25,"Y"," "," ",0,"Y"," "
"SJ000","ENG288",1/29/2004,"A","ENG","288","Engineering Building 288","ENG288","LAB","N","MAIN",25,"Y"," "," ",0,"Y"," "
"SJ000","ENG289",1/29/2004,"A","ENG","289","Engineering Building 289","ENG289","LAB","N","MAIN",25,"Y"," "," ",0,"Y"," "
"SJ000","ENG290",1/29/2004,"A","ENG","290","Engineering Building 290","ENG290","LAB","N","MAIN",24,"Y"," "," ",0,"Y"," "
"SJ000","ENG291",1/29/2004,"A","ENG","291","Engineering Building 291","ENG291","LAB","N","MAIN",25,"Y"," "," ",0,"Y"," "
"SJ000","ENG294",1/29/2004,"A","ENG","294","Engineering Building 294","ENG294","LAB","N","MAIN",25,"Y"," "," ",0,"Y"," "
"SJ000","ENG295",1/29/2004,"A","ENG","295","Engineering Building 295","ENG295","LAB","N","MAIN",9,"Y"," "," ",0,"Y"," "
"SJ000","ENG301",9/4/2007,"A","ENG","301","Engineering Building 301","ENG301","LCTR","N","MAIN",40,"Y"," "," ",0,"Y"," "
"SJ000","ENG303",9/4/2007,"A","ENG","303","Engineering Building 303","ENG303","LCTR","N","MAIN",40,"Y"," "," ",0,"Y"," "
"SJ000","ENG305",1/29/2004,"A","ENG","305","Engineering Building 305","ENG305","LAB","N","MAIN",30,"Y"," "," ",0,"Y"," "
"SJ000","ENG307",1/29/2004,"A","ENG","307","Engineering Building 307","ENG307","LAB","N","MAIN",30,"Y"," "," ",0,"Y"," "
"SJ000","ENG309",1/29/2004,"A","ENG","309","Engineering Building 309","ENG309","NCLS","N","MAIN",0,"Y"," "," ",0,"Y"," "
"SJ000","ENG309A",1/29/2004,"A","ENG","309A","Engineering Building 309A","ENG309A","LAB","N","MAIN",2,"Y"," "," ",0,"Y"," "
"SJ000","ENG309B",1/29/2004,"A","ENG","309B","Engineering Building 309B","ENG309B","LAB","N","MAIN",3,"Y"," "," ",0,"Y"," "
"SJ000","ENG309C",1/29/2004,"A","ENG","309C","Engineering Building 309C","ENG309C","LAB","N","MAIN",5,"Y"," "," ",0,"Y"," "
"SJ000","ENG311",1/29/2004,"A","ENG","311","Engineering Building 311","ENG311","LAB","N","MAIN",2,"Y"," "," ",0,"Y"," "
"SJ000","ENG311A",1/29/2004,"A","ENG","311A","Engineering Building 311A","ENG311A","LAB","N","MAIN",1,"Y"," "," ",0,"Y"," "
"SJ000","ENG313",1/29/2004,"A","ENG","313","Engineering Building 313","ENG313","LAB","N","MAIN",6,"Y"," "," ",0,"Y"," "
"SJ000","ENG315",1/29/2004,"A","ENG","315","Engineering Building 315","ENG315","LAB","N","MAIN",15,"Y"," "," ",0,"Y"," "
"SJ000","ENG317",1/29/2004,"A","ENG","317","Engineering Building 317","ENG317","LAB","N","MAIN",9,"Y"," "," ",0,"Y"," "
"SJ000","ENG319",1/29/2004,"A","ENG","319","Engineering Building 319","ENG319","LAB","N","MAIN",20,"Y"," "," ",0,"Y"," "
"SJ000","ENG321",1/29/2004,"A","ENG","321","Engineering Building 321","ENG321","LAB","N","MAIN",20,"Y"," "," ",0,"Y"," "
"SJ000","ENG325",8/21/2018,"A","ENG","325","Engineering Building 325","ENG325","LAB","N","MAIN",50,"Y"," "," ",0,"Y"," "
"SJ000","ENG327",8/19/2008,"A","ENG","327","Engineering Building 327","ENG327","LCTR","N","MAIN",30,"Y"," "," ",0,"Y"," "
"SJ000","ENG329",7/17/2006,"A","ENG","329","Engineering Building 329","ENG329","LAB","N","MAIN",74,"Y"," "," ",0,"Y"," "
"SJ000","ENG331",8/19/2008,"A","ENG","331","Engineering Building 331","ENG331","LCTR","N","MAIN",90,"Y"," "," ",0,"Y"," "
"SJ000","ENG333",2/1/2024,"A","ENG","333","Engineering Building 333","ENG333","CLEC","N","MAIN",50,"Y"," "," ",0,"Y"," "
"SJ000","ENG335",2/1/2024,"A","ENG","335","Engineering Building 335","ENG335","CLEC","N","MAIN",30,"Y"," "," ",0,"Y"," "
"SJ000","ENG336",2/1/2024,"A","ENG","336","Engineering Building 336","ENG336","CLEC","N","MAIN",40,"Y"," "," ",0,"Y"," "
"SJ000","ENG337",2/1/2024,"A","ENG","337","Engineering Building 337","ENG337","CLEC","N","MAIN",80,"Y"," "," ",0,"Y"," "
"SJ000","ENG338",4/1/2016,"A","ENG","338","Engineering Building 338","ENG338","OTHR","N","PDC",28,"Y"," "," ",0,"Y"," "
"SJ000","ENG339",2/1/2024,"A","ENG","339","Engineering Building 339","ENG339","CLEC","N","MAIN",66,"Y"," "," ",0,"Y"," "
"SJ000","ENG340",7/17/2006,"A","ENG","340","Engineering Building 340","ENG340","LAB","N","MAIN",60,"Y"," "," ",0,"Y"," "
"SJ000","ENG341",9/4/2007,"A","ENG","341","Engineering Building 341","ENG341","LCTR","N","MAIN",90,"Y"," "," ",0,"Y"," "
"SJ000","ENG343",8/19/2008,"A","ENG","343","Engineering Building 343","ENG343","LCTR","N","MAIN",90,"Y"," "," ",0,"Y"," "
"SJ000","ENG345",2/1/2024,"A","ENG","345","Engineering Building 345","ENG345","CLEC","N","MAIN",73,"Y"," "," ",0,"Y"," "
"SJ000","ENG347",1/29/2004,"A","ENG","347","Engineering Building 347","ENG347","LAB","N","MAIN",60,"Y"," "," ",0,"Y"," "
"SJ000","ENG358",1/29/2004,"A","ENG","358","Engineering Building 358","ENG358","LAB","N","MAIN",10,"Y"," "," ",0,"Y"," "
"SJ000","ENG366",1/29/2004,"A","ENG","366","Engineering Building 366","ENG366","NCLS","N","MAIN",38,"Y"," "," ",0,"Y"," "
"SJ000","ENG376",1/29/2004,"A","ENG","376","Engineering Building 376","ENG376","LAB","N","MAIN",10,"Y"," "," ",0,"Y"," "
"SJ000","ENG386",1/29/2004,"A","ENG","386","Engineering Building 386","ENG386","LAB","N","MAIN",25,"Y"," "," ",0,"Y"," "
"SJ000","ENG387",1/29/2004,"A","ENG","387","Engineering Building 387","ENG387","LAB","N","MAIN",30,"Y"," "," ",0,"Y"," "
"SJ000","ENG388",1/24/2012,"A","ENG","388","Engineering Building 388","ENG388","LAB","N","MAIN",25,"Y"," "," ",0,"Y"," "
"SJ000","ENG389",1/29/2004,"A","ENG","389","Engineering Building 389","ENG389","LAB","N","MAIN",30,"Y"," "," ",0,"Y"," "
"SJ000","ENG390",1/29/2004,"A","ENG","390","Engineering Building 390","ENG390","LAB","N","MAIN",30,"Y"," "," ",0,"Y"," "
"SJ000","ENG391",1/29/2004,"A","ENG","391","Engineering Building 391","ENG391","LAB","N","MAIN",30,"Y"," "," ",0,"Y"," "
"SJ000","ENG392",1/29/2004,"A","ENG","392","Engineering Building 392","ENG392","LAB","N","MAIN",30,"Y"," "," ",0,"Y"," "
"SJ000","ENG393",8/21/2018,"A","ENG","393","Engineering Building 393","ENG393","LAB","N","MAIN",25,"Y"," "," ",0,"Y"," "
"SJ000","ENG394",1/29/2004,"A","ENG","394","Engineering Building 394","ENG394","LAB","N","MAIN",25,"Y"," "," ",0,"Y"," "
"SJ000","ENG395",2/1/2024,"A","ENG","395","Engineering Building 395","ENG395","CLEC","N","MAIN",30,"Y"," "," ",0,"Y"," "
"SJ000","ENG401",8/13/2009,"A","ENG","401","Engineering Building 401","ENG401","LCTR","N","MAIN",40,"Y"," "," ",0,"Y"," "
"SJ000","ENG403",9/4/2007,"A","ENG","403","Engineering Building 403","ENG403","LCTR","N","MAIN",40,"Y"," "," ",0,"Y"," "
"SJ000","ENG405",1/29/2004,"A","ENG","405","Engineering Building 405","ENG405","LAB","N","MAIN",25,"Y"," "," ",0,"Y"," "
"SJ000","ENG407",7/17/2006,"A","ENG","407","Engineering Building 407","ENG407","LAB","N","MAIN",25,"Y"," "," ",0,"Y"," "
"SJ000","ENG486",1/29/2004,"A","ENG","486","Engineering Building 486","ENG486","LAB","N","MAIN",30,"Y"," "," ",0,"Y"," "
"SJ000","ENG487",1/29/2004,"A","ENG","487","Engineering Building 487","ENG487","LAB","N","MAIN",25,"Y"," "," ",0,"Y"," "
"SJ000","ENG488",8/21/2018,"A","ENG","488","Engineering Building 488","ENG488","LAB","N","MAIN",50,"Y"," "," ",0,"Y"," "
"SJ000","ENG489",1/29/2004,"A","ENG","489","Engineering Building 489","ENG489","LAB","N","MAIN",30,"Y"," "," ",0,"Y"," "
"SJ000","ENG490",1/29/2004,"A","ENG","490","Engineering Building 490","ENG490","LAB","N","MAIN",24,"Y"," "," ",0,"Y"," "
"SJ000","ENG492",1/29/2004,"A","ENG","492","Engineering Building 492","ENG492","LAB","N","MAIN",30,"Y"," "," ",0,"Y"," "
"SJ000","ENG494",1/29/2004,"A","ENG","494","Engineering Building 494","ENG494","LAB","N","MAIN",9,"Y"," "," ",0,"Y"," "
"SJ000","ENG494A",1/29/2004,"A","ENG","494A","Engineering Building 494A","ENG494A","NCLS","N","MAIN",0,"Y"," "," ",0,"Y"," "
"SJ000","FO104",1/29/2004,"A","FO","104","Faculty Office 104","FO104","CONF","N","MAIN",10,"Y"," "," ",0,"Y"," "
"SJ000","GAVLNCOL",3/20/2012,"A","GAVLN","COL","Gavilan College","GAVLNCOL","NCLS","N","MAIN",0,"Y"," "," ",0,"Y"," "
"SJ000","GOLFRANGE",1/1/1902,"A","GOLF","RANGE","Golf Range","GOLFRANGE","NCLS","N","MAIN",0,"Y"," "," ",0,"Y"," "
"SJ000","HB102",2/13/2017,"A","HB","102","Health Building 102","HB102","LAB","N","MAIN",18,"Y"," "," ",0,"Y"," "
"SJ000","HB106",2/1/2024,"A","HB","106","Health Building 106","HB106","CLEC","N","MAIN",65,"Y"," "," ",0,"Y"," "
"SJ000","HB202",4/10/2023,"A","HB","202","Health Building 202","HB202","CONF","N","MAIN",15,"Y"," "," ",0,"Y"," "
"SJ000","HB203A",2/13/2017,"A","HB","203A","Health Building 203A","HB203A","OTHR","N","MAIN",13,"Y"," "," ",0,"Y"," "
"SJ000","HB204",2/20/2018,"A","HB","204","Health Building 204","HB204","LAB","N","MAIN",14,"Y"," "," ",0,"Y"," "
"SJ000","HB206",2/13/2018,"A","HB","206","Health Building 206","HB206","OTHR","N","MAIN",22,"Y"," "," ",0,"Y"," "
"SJ000","HB207",9/23/2021,"A","HB","207","Health Building 207","HB207","LAB","N","MAIN",28,"Y"," "," ",0,"Y"," "
"SJ000","HB208",8/22/2012,"A","HB","208","Health Building 208","HB208","CONF","N","MAIN",40,"Y"," "," ",0,"Y"," "
"SJ000","HB301",8/4/2011,"A","HB","301","Health Building 301","HB301","NCLS","N","MAIN",40,"Y"," "," ",0,"Y"," "
"SJ000","HB301A",3/28/2014,"A","HB","301A","Health Building 301A","HB 301A","OTHR","N","MAIN",12,"Y"," "," ",0,"Y"," "
"SJ000","HB301E",3/28/2014,"A","HB","301E","Health Building 301E","HB 301E","OTHR","N","MAIN",20,"Y"," "," ",0,"Y"," "
"SJ000","HB303",1/29/2004,"A","HB","303","Health Building 303","HB303","LAB","N","MAIN",70,"Y"," "," ",0,"Y"," "
"SJ000","HB311",1/29/2004,"A","HB","311","Health Building 311","HB311","LAB","N","MAIN",25,"Y"," "," ",0,"Y"," "
"SJ000","HB401",3/28/2014,"A","HB","401","Health Building 401","HB 401","CONF","N","MAIN",20,"Y"," "," ",0,"Y"," "
"SJ000","HB405",2/16/2018,"A","HB","405","Health Building 405","HB405","LCTR","N","MAIN",21,"Y"," "," ",0,"Y"," "
"SJ000","HB407",4/6/2017,"A","HB","407","Health Building 407","HB407","LCTR","N","MAIN",43,"Y"," "," ",0,"Y"," "
"SJ000","HB408",2/1/2024,"A","HB","408","Health Building 408","HB408","CLEC","N","MAIN",40,"Y"," "," ",0,"Y"," "
"SJ000","HB418",3/28/2014,"A","HB","418","Health Building 418","HB 418","CONF","N","MAIN",13,"Y"," "," ",0,"Y"," "
"SJ000","HGH101",1/29/2004,"A","HGH","101","Hugh Gillis Hall 101","HGH101","LAB","N","MAIN",10,"Y"," "," ",0,"Y"," "
"SJ000","HGH103",1/25/2012,"A","HGH","103","Hugh Gillis Hall 103","HGH103","AUD","N","MAIN",144,"Y"," "," ",0,"Y"," "
"SJ000","HGH114",1/29/2004,"A","HGH","114","Hugh Gillis Hall 114","HGH114","CONF","N","MAIN",25,"Y"," "," ",0,"Y"," "
"SJ000","HGH115",1/29/2004,"A","HGH","115","Hugh Gillis Hall 115","HGH115","NCLS","N","MAIN",10,"Y"," "," ",0,"Y"," "
"SJ000","HGH116",8/1/2016,"A","HGH","116","Hugh Gillis Hall 116","HGH116","LCTR","N","MAIN",48,"Y"," "," ",0,"Y"," "
"SJ000","HGH117",1/29/2004,"A","HGH","117","Hugh Gillis Hall 117","HGH117","NCLS","N","MAIN",6,"Y"," "," ",0,"Y"," "
"SJ000","HGH118",8/1/2016,"A","HGH","118","Hugh Gillis Hall 118","HGH118","LCTR","N","MAIN",48,"Y"," "," ",0,"Y"," "
"SJ000","HGH120",3/18/2009,"A","HGH","120","Hugh Gillis Hall 120","HGH120","LCTR","N","MAIN",30,"Y"," "," ",0,"Y"," "
"SJ000","HGH121F",6/21/2004,"A","HGH","121F","Hugh Gillis Hall 121F","HGH121F","LAB","N","MAIN",25,"Y"," "," ",0,"Y"," "
"SJ000","HGH122",2/16/2018,"A","HGH","122","Hugh Gillis Hall 122","HGH122","LCTR","N","MAIN",40,"Y"," "," ",0,"Y"," "
"SJ000","HGH124",2/16/2018,"A","HGH","124","Hugh Gillis Hall 124","HGH124","LCTR","N","MAIN",40,"Y"," "," ",0,"Y"," "
"SJ000","HGH136C",3/5/2008,"A","HGH","136C","Hugh Gillis Hall 136C","HGH136C","NCLS","N","MAIN",20,"Y"," "," ",0,"Y"," "
"SJ000","HGH137",5/25/2018,"A","HGH","137","Hugh Gillis Hall 137","HGH137","NCLS","N","MAIN",15,"Y"," "," ",0,"Y"," "
"SJ000","HGH137A",1/29/2004,"A","HGH","137A","Hugh Gillis Hall 137A","HGH137A","AUD","N","MAIN",393,"Y"," "," ",0,"Y"," "
"SJ000","HGH215",3/5/2009,"A","HGH","215","Hugh Gillis Hall 215","HGH215","CONF","N","MAIN",15,"Y"," "," ",0,"Y"," "
"SJ000","HGH217",2/16/2018,"A","HGH","217","Hugh Gillis Hall 217","HGH217","LCTR","N","MAIN",31,"Y"," "," ",0,"Y"," "
"SJ000","HGH219",2/1/2024,"A","HGH","219","Hugh Gillis Hall 219","HGH219","CLEC","N","MAIN",36,"Y"," "," ",0,"Y"," "
"SJ000","HGH221",1/23/2020,"A","HGH","221","Hugh Gillis Hall 221","HGH221","LCTR","N","MAIN",20,"Y"," "," ",0,"Y"," "
"SJ000","HGH222",1/29/2004,"A","HGH","222","Hugh Gillis Hall 222","HGH222","LAB","N","MAIN",30,"Y"," "," ",0,"Y"," "
"SJ000","HGH223",2/16/2018,"A","HGH","223","Hugh Gillis Hall 223","HGH223","LCTR","N","MAIN",35,"Y"," "," ",0,"Y"," "
"SJ000","HGH225",1/21/2011,"A","HGH","225","Hugh Gillis Hall 225","HGH225","LCTR","N","MAIN",42,"Y"," "," ",0,"Y"," "
"SJ000","HGH226",1/25/2012,"A","HGH","226","Hugh Gillis Hall 226","HGH226","LAB","N","MAIN",30,"Y"," "," ",0,"Y"," "
"SJ000","HGH227",1/23/2020,"A","HGH","227","Hugh Gillis Hall 227","HGH227","LCTR","N","MAIN",20,"Y"," "," ",0,"Y"," "
"SJ000","HGH229",2/1/2024,"A","HGH","229","Hugh Gillis Hall 229","HGH229","CLEC","N","MAIN",40,"Y"," "," ",0,"Y"," "
"SJ000","HGH231",2/1/2024,"A","HGH","231","Hugh Gillis Hall 231","HGH231","CLEC","N","MAIN",30,"Y"," "," ",0,"Y"," "
"SJ000","HGH255",1/29/2004,"A","HGH","255","Hugh Gillis Hall 255","HGH255","LAB","N","MAIN",10,"Y"," "," ",0,"Y"," "
"SJ000","IRC302",1/29/2004,"A","IRC","302","IRC Richard B. Lewis 302","IRC302","LAB","N","MAIN",35,"Y"," "," ",0,"Y"," "
"SJ000","IRC306",1/29/2004,"A","IRC","306","IRC Richard B. Lewis 306","IRC306","LAB","N","MAIN",40,"Y"," "," ",0,"Y"," "
"SJ000","IRC308",1/29/2004,"A","IRC","308","IRC Richard B. Lewis 308","IRC308","LAB","N","MAIN",0,"Y"," "," ",0,"Y"," "
"SJ000","IRC310",3/17/2004,"A","IRC","310","IRC Richard B. Lewis 310","IRC310","LAB","N","MAIN",0,"Y"," "," ",0,"Y"," "
"SJ000","IS113",4/1/2016,"A","IS","113","Industrial Studies 113","IS113","OTHR","N","PDC",40,"Y"," "," ",0,"Y"," "
"SJ000","IS114",1/29/2004,"A","IS","114","Industrial Studies 114","IS114","LAB","N","MAIN",20,"Y"," "," ",0,"Y"," "
"SJ000","IS115",1/29/2004,"A","IS","115","Industrial Studies 115","IS115","NCLS","N","MAIN",20,"Y"," "," ",0,"Y"," "
"SJ000","IS116",1/29/2004,"A","IS","116","Industrial Studies 116","IS116","LAB","N","MAIN",25,"Y"," "," ",0,"Y"," "
"SJ000","IS117",1/29/2004,"A","IS","117","Industrial Studies 117","IS117","LAB","N","MAIN",52,"Y"," "," ",0,"Y"," "
"SJ000","IS118",1/29/2004,"A","IS","118","Industrial Studies 118","IS118","LAB","N","MAIN",24,"Y"," "," ",0,"Y"," "
"SJ000","IS119",1/29/2004,"A","IS","119","Industrial Studies 119","IS119","LAB","N","MAIN",20,"Y"," "," ",0,"Y"," "
"SJ000","IS120",1/29/2004,"A","IS","120","Industrial Studies 120","IS120","LAB","N","MAIN",20,"Y"," "," ",0,"Y"," "
"SJ000","IS121",1/29/2004,"A","IS","121","Industrial Studies 121","IS121","NCLS","N","MAIN",24,"Y"," "," ",0,"Y"," "
"SJ000","IS122",1/29/2004,"A","IS","122","Industrial Studies 122","IS122","LAB","N","MAIN",12,"Y"," "," ",0,"Y"," "
"SJ000","IS123",1/29/2004,"A","IS","123","Industrial Studies 123","IS123","LAB","N","MAIN",5,"Y"," "," ",0,"Y"," "
"SJ000","IS124",1/29/2004,"A","IS","124","Industrial Studies 124","IS124","LAB","N","MAIN",12,"Y"," "," ",0,"Y"," "
"SJ000","IS126",9/11/2008,"A","IS","126","Industrial Studies 126","IS126","LAB","N","MAIN",35,"Y"," "," ",0,"Y"," "
"SJ000","IS129",3/28/2016,"A","IS","129","Industrial Studies 129","IS 129","LAB","N","MAIN",40,"Y"," "," ",0,"Y"," "
"SJ000","IS132",1/29/2004,"A","IS","132","Industrial Studies 132","IS132","LAB","N","MAIN",26,"Y"," "," ",0,"Y"," "
"SJ000","IS133",1/29/2004,"A","IS","133","Industrial Studies 133","IS133","LAB","N","MAIN",54,"Y"," "," ",0,"Y"," "
"SJ000","IS134A",8/25/2010,"A","IS","134A","Industrial Studies 134A","IS134A","LAB","N","MAIN",24,"Y"," "," ",0,"Y"," "
"SJ000","IS147",1/29/2004,"A","IS","147","Industrial Studies 147","IS147","LAB","N","MAIN",24,"Y"," "," ",0,"Y"," "
"SJ000","IS147D",1/29/2004,"A","IS","147D","Industrial Studies 147D","IS147D","LAB","N","MAIN",0,"Y"," "," ",0,"Y"," "
"SJ000","IS147E",1/29/2004,"A","IS","147E","Industrial Studies 147E","IS147E","LAB","N","MAIN",0,"Y"," "," ",0,"Y"," "
"SJ000","IS149",9/11/2008,"A","IS","149","Industrial Studies 149","IS149","LAB","N","MAIN",35,"Y"," "," ",0,"Y"," "
"SJ000","IS165",6/11/2018,"A","IS","165","Industrial Studies 165","IS165","LAB","N","MAIN",25,"Y"," "," ",0,"Y"," "
"SJ000","IS166",9/11/2008,"A","IS","166","Industrial Studies 166","IS166","LAB","N","MAIN",35,"Y"," "," ",0,"Y"," "
"SJ000","IS215",9/4/2007,"A","IS","215","Industrial Studies 215","IS215","LCTR","N","MAIN",33,"Y"," "," ",0,"Y"," "
"SJ000","IS216",6/19/2015,"A","IS","216","Industrial Studies 216","IS216","LAB","N","MAIN",70,"Y"," "," ",0,"Y"," "
"SJ000","IS217",1/29/2004,"A","IS","217","Industrial Studies 217","IS217","LAB","N","MAIN",25,"Y"," "," ",0,"Y"," "
"SJ000","IS218",1/29/2004,"A","IS","218","Industrial Studies 218","IS218","LAB","N","MAIN",25,"Y"," "," ",0,"Y"," "
"SJ000","IS219",1/29/2004,"A","IS","219","Industrial Studies 219","IS219","CONF","N","MAIN",24,"Y"," "," ",0,"Y"," "
"SJ000","IS219C",10/6/2011,"A","IS","219C","Industrial Studies 219C","IS219C","LAB","N","MAIN",25,"Y"," "," ",0,"Y"," "
"SJ000","IS220",1/29/2004,"A","IS","220","Industrial Studies 220","IS220","LAB","N","MAIN",12,"Y"," "," ",0,"Y"," "
"SJ000","IS221",1/29/2004,"A","IS","221","Industrial Studies 221","IS221","LAB","N","MAIN",10,"Y"," "," ",0,"Y"," "
"SJ000","IS222",1/29/2004,"A","IS","222","Industrial Studies 222","IS222","LAB","N","MAIN",24,"Y"," "," ",0,"Y"," "
"SJ000","IS224",8/24/2005,"A","IS","224","Industrial Studies 224","IS224","LAB","N","MAIN",48,"Y"," "," ",0,"Y"," "
"SJ000","IS226",1/12/2007,"A","IS","226","Industrial Studies 226","IS226","NCLS","N","MAIN",50,"Y"," "," ",0,"Y"," "
"SJ000","IS227",3/24/2021,"A","IS","227","Industrial Studies 227","IS227","LAB","N","MAIN",40,"Y"," "," ",0,"Y"," "
"SJ000","IS228",1/29/2004,"A","IS","228","Industrial Studies 228","IS228","LAB","N","MAIN",24,"Y"," "," ",0,"Y"," "
"SJ000","IS230",2/1/2024,"A","IS","230","Industrial Studies 230","IS230","CLEC","N","MAIN",32,"Y"," "," ",0,"Y"," "
"SJ000","IS233",1/29/2004,"A","IS","233","Industrial Studies 233","IS233","LAB","N","MAIN",24,"Y"," "," ",0,"Y"," "
"SJ000","IS235",1/29/2004,"A","IS","235","Industrial Studies 235","IS235","LAB","N","MAIN",24,"Y"," "," ",0,"Y"," "
"SJ000","IS237",1/29/2004,"A","IS","237","Industrial Studies 237","IS237","LAB","N","MAIN",12,"Y"," "," ",0,"Y"," "
"SJ000","IS240",5/13/2005,"A","IS","240","Industrial Studies 240","IS240","LAB","N","MAIN",25,"Y"," "," ",0,"Y"," "
"SJ000","IS241",1/29/2004,"A","IS","241","Industrial Studies 241","IS241","LAB","N","MAIN",35,"Y"," "," ",0,"Y"," "
"SJ000","ISB234",7/1/2023,"A","ISB","234","Interdisciplinary Science 234","ISB234","LAB","N","MAIN",29,"Y"," "," ",0,"Y"," "
"SJ000","ISB236",7/1/2023,"A","ISB","236","Interdisciplinary Science 236","ISB236","LAB","N","MAIN",30,"Y"," "," ",0,"Y"," "
"SJ000","ISB240",7/1/2023,"A","ISB","240","Interdisciplinary Science 240","ISB240","LAB","N","MAIN",30,"Y"," "," ",0,"Y"," "
"SJ000","ISB336",7/1/2023,"A","ISB","336","Interdisciplinary Science 336","ISB336","LAB","N","MAIN",33,"Y"," "," ",0,"Y"," "
"SJ000","ISB338",7/1/2023,"A","ISB","338","Interdisciplinary Science 338","ISB338","LAB","N","MAIN",18,"Y"," "," ",0,"Y"," "
"SJ000","ISB340",7/1/2023,"A","ISB","340","Interdisciplinary Science 340","ISB340","LAB","N","MAIN",18,"Y"," "," ",0,"Y"," "
"SJ000","ISB536",7/1/2023,"A","ISB","536","Interdisciplinary Science 536","ISB536","LAB","N","MAIN",47,"Y"," "," ",0,"Y"," "
"SJ000","ISB538",7/1/2023,"A","ISB","538","Interdisciplinary Science 538","ISB538","LAB","N","MAIN",25,"Y"," "," ",0,"Y"," "
"SJ000","ISB540",7/1/2023,"A","ISB","540","Interdisciplinary Science 540","ISB540","LAB","N","MAIN",25,"Y"," "," ",0,"Y"," "
"SJ000","ISB542",7/1/2023,"A","ISB","542","Interdisciplinary Science 542","ISB542","LAB","N","MAIN",25,"Y"," "," ",0,"Y"," "
"SJ000","ISB636",7/1/2023,"A","ISB","636","Interdisciplinary Science 636","ISB636","LAB","N","MAIN",25,"Y"," "," ",0,"Y"," "
"SJ000","ISB640",7/1/2023,"A","ISB","640","Interdisciplinary Science 640","ISB640","LAB","N","MAIN",25,"Y"," "," ",0,"Y"," "
"SJ000","ISB734",7/1/2023,"A","ISB","734","Interdisciplinary Science 734","ISB734","LAB","N","MAIN",25,"Y"," "," ",0,"Y"," "
"SJ000","ISB736",7/1/2023,"A","ISB","736","Interdisciplinary Science 736","ISB736","LAB","N","MAIN",25,"Y"," "," ",0,"Y"," "
"SJ000","ISB738",7/1/2023,"A","ISB","738","Interdisciplinary Science 738","ISB738","LAB","N","MAIN",25,"Y"," "," ",0,"Y"," "
"SJ000","ISB782",7/1/2023,"A","ISB","782","Interdisciplinary Science 782","ISB782","WLAB","N","MAIN",39,"Y"," "," ",0,"Y"," "
"SJ000","ISB784",7/1/2023,"A","ISB","784","Interdisciplinary Science 784","ISB784","WLAB","N","MAIN",39,"Y"," "," ",0,"Y"," "
"SJ000","ISB786",7/1/2023,"A","ISB","786","Interdisciplinary Science 786","ISB786","WLAB","N","MAIN",24,"Y"," "," ",0,"Y"," "
"SJ000","ISB788",7/1/2023,"A","ISB","788","Interdisciplinary Science 788","ISB788","LAB","N","MAIN",25,"Y"," "," ",0,"Y"," "
"SJ000","ISB870",7/1/2023,"A","ISB","870","Interdisciplinary Science 870","ISB870","WLAB","N","MAIN",40,"Y"," "," ",0,"Y"," "
"SJ000","ISB872",7/1/2023,"A","ISB","872","Interdisciplinary Science 872","ISB872","WLAB","N","MAIN",24,"Y"," "," ",0,"Y"," "
"SJ000","ISB874",7/1/2023,"A","ISB","874","Interdisciplinary Science 874","ISB874","WLAB","N","MAIN",23,"Y"," "," ",0,"Y"," "
"SJ000","ISB876",7/1/2023,"A","ISB","876","Interdisciplinary Science 876","ISB876","WLAB","N","MAIN",40,"Y"," "," ",0,"Y"," "
"SJ000","ISB878",7/1/2023,"A","ISB","878","Interdisciplinary Science 878","ISB878","WLAB","N","MAIN",40,"Y"," "," ",0,"Y"," "
"SJ000","JLHS000",1/1/1902,"A","JLHS","000","James Logan High School","JLHS000","NCLS","N","MAIN",0,"Y"," "," ",0,"Y"," "
"SJ000","JWAY000",1/1/1902,"A","JWAY","000","Jway, Inc. - PDC","JWAY000","NCLS","N","PJWAY000",0,"Y"," "," ",0,"Y"," "
"SJ000","KHOSPSC",1/1/1902,"A","KHOSP","SC","Kaiser Hospital - Santa Clara","KHOSPSC","NCLS","N","MAIN",0,"Y"," "," ",0,"Y"," "
"SJ000","KING590",12/14/2022,"A","KING","590","MLK Library 590","KING590","NCLS","N","MAIN",32,"Y"," "," ",0,"Y"," "
"SJ000","LKHED000",1/1/1902,"A","LKHED","000","Lockheed","LKHED000","NCLS","N","MAIN",0,"Y"," "," ",0,"Y"," "
"SJ000","MCOE000",1/1/1902,"A","MCOE","000","Monterey County Office of Ed","MCOE000","NCLS","N","MAIN",0,"Y"," "," ",0,"Y"," "
"SJ000","MD101",5/17/2018,"A","MD","101","Morris Dailey Auditorium","MD101","AUD","N","MAIN",583,"Y"," "," ",0,"Y"," "
"SJ000","MH221",3/14/2012,"A","MH","221","MacQuarrie Hall 221","MH221","CMLB","N","MAIN",20,"Y"," "," ",0,"Y"," "
"SJ000","MH222",9/4/2007,"A","MH","222","MacQuarrie Hall 222","MH222","LCTR","N","MAIN",35,"Y"," "," ",0,"Y"," "
"SJ000","MH223",9/4/2007,"A","MH","223","MacQuarrie Hall 223","MH223","LCTR","N","MAIN",35,"Y"," "," ",0,"Y"," "
"SJ000","MH224",5/23/2006,"A","MH","224","MacQuarrie Hall 224","MH224","LCTR","N","MAIN",42,"Y"," "," ",0,"Y"," "
"SJ000","MH225",1/29/2004,"A","MH","225","MacQuarrie Hall 225","MH225","LAB","N","MAIN",35,"Y"," "," ",0,"Y"," "
"SJ000","MH229",8/9/2006,"A","MH","229","MacQuarrie Hall 229","MH229","CONF","N","MAIN",15,"Y"," "," ",0,"Y"," "
"SJ000","MH233",5/23/2006,"A","MH","233","MacQuarrie Hall 233","MH233","LCTR","N","MAIN",32,"Y"," "," ",0,"Y"," "
"SJ000","MH234",2/29/2008,"A","MH","234","MacQuarrie Hall 234","MH234","LCTR","N","MAIN",32,"Y"," "," ",0,"Y"," "
"SJ000","MH235",8/19/2008,"A","MH","235","MacQuarrie Hall 235","MH235","LCTR","N","MAIN",32,"Y"," "," ",0,"Y"," "
"SJ000","MH320",5/23/2006,"A","MH","320","MacQuarrie Hall 320","MH320","LAB","N","MAIN",42,"Y"," "," ",0,"Y"," "
"SJ000","MH321",1/29/2004,"A","MH","321","MacQuarrie Hall 321","MH321","NCLS","N","MAIN",27,"Y"," "," ",0,"Y"," "
"SJ000","MH322",9/4/2007,"A","MH","322","MacQuarrie Hall 322","MH322","LCTR","N","MAIN",35,"Y"," "," ",0,"Y"," "
"SJ000","MH323",5/23/2006,"A","MH","323","MacQuarrie Hall 323","MH323","LCTR","N","MAIN",42,"Y"," "," ",0,"Y"," "
"SJ000","MH324",8/21/2018,"A","MH","324","MacQuarrie Hall 324","MH324","LCTR","N","MAIN",80,"Y"," "," ",0,"Y"," "
"SJ000","MH332",2/1/2024,"A","MH","332","MacQuarrie Hall 332","MH332","CLEC","N","MAIN",36,"Y"," "," ",0,"Y"," "
"SJ000","MH422",9/23/2005,"A","MH","422","MacQuarrie Hall 422","MH422","LAB","N","MAIN",35,"Y"," "," ",0,"Y"," "
"SJ000","MH423",8/19/2008,"A","MH","423","MacQuarrie Hall 423","MH423","LCTR","N","MAIN",42,"Y"," "," ",0,"Y"," "
"SJ000","MH424",5/23/2006,"A","MH","424","MacQuarrie Hall 424","MH424","LCTR","N","MAIN",42,"Y"," "," ",0,"Y"," "
"SJ000","MH425",1/29/2004,"A","MH","425","MacQuarrie Hall 425","MH425","LAB","N","MAIN",34,"Y"," "," ",0,"Y"," "
"SJ000","MH426",1/29/2004,"A","MH","426","MacQuarrie Hall 426","MH426","LAB","N","MAIN",34,"Y"," "," ",0,"Y"," "
"SJ000","MH438A",2/27/2020,"A","MH","438A","MacQuarrie Hall 438A","MH438A","CONF","N","MAIN",13,"Y"," "," ",0,"Y"," "
"SJ000","MH510",1/29/2004,"A","MH","510","MacQuarrie Hall 510","MH510","CONF","N","MAIN",12,"Y"," "," ",0,"Y"," "
"SJ000","MH520",8/21/2018,"A","MH","520","MacQuarrie Hall 520","MH520","LCTR","N","MAIN",80,"Y"," "," ",0,"Y"," "
"SJ000","MH521",1/29/2004,"A","MH","521","MacQuarrie Hall 521","MH521","LAB","N","MAIN",12,"Y"," "," ",0,"Y"," "
"SJ000","MH522",1/29/2004,"A","MH","522","MacQuarrie Hall 522","MH522","LAB","N","MAIN",0,"Y"," "," ",0,"Y"," "
"SJ000","MH523",9/4/2007,"A","MH","523","MacQuarrie Hall 523","MH523","LCTR","N","MAIN",70,"Y"," "," ",0,"Y"," "
"SJ000","MH526",1/22/2014,"A","MH","526","MacQuarrie Hall 526","MH526","LAB","N","MAIN",16,"Y"," "," ",0,"Y"," "
"SJ000","MH533",1/29/2004,"A","MH","533","MacQuarrie Hall 533","MH533","LAB","N","MAIN",15,"Y"," "," ",0,"Y"," "
"SJ000","MH536",1/29/2004,"A","MH","536","MacQuarrie Hall 536","MH536","LAB","N","MAIN",1,"Y"," "," ",0,"Y"," "
"SJ000","MH537",1/29/2004,"A","MH","537","MacQuarrie Hall 537","MH537","LAB","N","MAIN",1,"Y"," "," ",0,"Y"," "
"SJ000","MH538",1/29/2004,"A","MH","538","MacQuarrie Hall 538","MH538","LAB","N","MAIN",1,"Y"," "," ",0,"Y"," "
"SJ000","MH539",1/29/2004,"A","MH","539","MacQuarrie Hall 539","MH539","LAB","N","MAIN",1,"Y"," "," ",0,"Y"," "
"SJ000","MH540",1/29/2004,"A","MH","540","MacQuarrie Hall 540","MH540","LAB","N","MAIN",1,"Y"," "," ",0,"Y"," "
"SJ000","MH541",1/29/2004,"A","MH","541","MacQuarrie Hall 541","MH541","LAB","N","MAIN",1,"Y"," "," ",0,"Y"," "
"SJ000","MH544",1/29/2004,"A","MH","544","MacQuarrie Hall 544","MH544","LAB","N","MAIN",0,"Y"," "," ",0,"Y"," "
"SJ000","ML001",3/14/2012,"A","ML","001","Moss Landing 001","ML001","SMNR","N","MAIN",25,"Y"," "," ",0,"Y"," "
"SJ000","ML002",3/14/2012,"A","ML","002","Moss Landing 002","ML002","SMNR","N","MAIN",25,"Y"," "," ",0,"Y"," "
"SJ000","ML003",3/14/2012,"A","ML","003","Moss Landing 003","ML003","SMNR","N","MAIN",25,"Y"," "," ",0,"Y"," "
"SJ000","ML004",1/29/2004,"A","ML","004","Moss Landing 004","ML004","NCLS","N","MAIN",30,"Y"," "," ",0,"Y"," "
"SJ000","ML011",3/14/2012,"A","ML","011","Moss Landing 011","ML011","SMNR","N","MAIN",15,"Y"," "," ",0,"Y"," "
"SJ000","ML101",8/21/2013,"A","ML","101","Moss Landing 101","ML101","SMNR","N","MAIN",16,"Y"," "," ",0,"Y"," "
"SJ000","ML103",8/21/2013,"A","ML","103","Moss Landing 103","ML103","SMNR","N","MAIN",16,"Y"," "," ",0,"Y"," "
"SJ000","ML108",3/14/2012,"A","ML","108","Moss Landing 108","ML108","SMNR","N","MAIN",15,"Y"," "," ",0,"Y"," "
"SJ000","ML109",8/21/2013,"A","ML","109","Moss Landing 109","ML109","SMNR","N","MAIN",16,"Y"," "," ",0,"Y"," "
"SJ000","ML114",3/14/2012,"A","ML","114","Moss Landing 114","ML114","SMNR","N","MAIN",25,"Y"," "," ",0,"Y"," "
"SJ000","ML116",3/14/2012,"A","ML","116","Moss Landing 116","ML116","SMNR","N","MAIN",25,"Y"," "," ",0,"Y"," "
"SJ000","ML128",3/14/2012,"A","ML","128","Moss Landing 128","ML128","SMNR","N","MAIN",25,"Y"," "," ",0,"Y"," "
"SJ000","ML200",3/14/2012,"A","ML","200","Moss Landing 200","ML200","SMNR","N","MAIN",25,"Y"," "," ",0,"Y"," "
"SJ000","ML202",1/29/2004,"A","ML","202","Moss Landing 202","ML202","LAB","N","MAIN",30,"Y"," "," ",0,"Y"," "
"SJ000","ML204",3/14/2012,"A","ML","204","Moss Landing 204","ML204","SMNR","N","MAIN",15,"Y"," "," ",0,"Y"," "
"SJ000","ML214",8/21/2013,"A","ML","214","Moss Landing 214","ML214","SMNR","N","MAIN",16,"Y"," "," ",0,"Y"," "
"SJ000","ML505",11/14/2008,"A","ML","505","Moss Landing 505","ML505","LAB","N","MAIN",15,"Y"," "," ",0,"Y"," "
"SJ000","ML508",8/21/2013,"A","ML","508","Moss Landing 508","ML508","SMNR","N","MAIN",16,"Y"," "," ",0,"Y"," "
"SJ000","MUS108",6/3/2021,"A","MUS","108","Music Building 108","MUS108","LAB","N","MAIN",25,"Y"," "," ",0,"Y"," "
"SJ000","MUS112",10/14/2003,"A","MUS","112","Music Building 112","MUS112","NCLS","N","MAIN",16,"Y"," "," ",0,"Y"," "
"SJ000","MUS113",1/6/2005,"A","MUS","113","Music Building 113","MUS113","NCLS","N","MAIN",10,"Y"," "," ",0,"Y"," "
"SJ000","MUS124",1/29/2004,"A","MUS","124","Music Building 124","MUS124","LAB","N","MAIN",14,"Y"," "," ",0,"Y"," "
"SJ000","MUS150",3/22/2010,"A","MUS","150","Music Building 150","MUS150","AUD","N","MAIN",160,"Y"," "," ",0,"Y"," "
"SJ000","MUS157",1/29/2004,"A","MUS","157","Music Building 157","MUS157","LAB","N","MAIN",10,"Y"," "," ",0,"Y"," "
"SJ000","MUS160",2/1/2024,"A","MUS","160","Music Building 160","MUS160","CLEC","N","MAIN",36,"Y"," "," ",0,"Y"," "
"SJ000","MUS161",2/1/2024,"A","MUS","161","Music Building 161","MUS161","CLEC","N","MAIN",73,"Y"," "," ",0,"Y"," "
"SJ000","MUS163",1/29/2004,"A","MUS","163","Music Building 163","MUS163","LAB","N","MAIN",1,"Y"," "," ",0,"Y"," "
"SJ000","MUS176",8/25/2010,"A","MUS","176","Music Building 176","MUS176","AUD","N","MAIN",500,"Y"," "," ",0,"Y"," "
"SJ000","MUS179",12/12/2003,"A","MUS","179","Music Building 179","MUS179","LAB","N","0095",1,"Y"," "," ",0,"Y"," "
"SJ000","MUS182",5/25/2018,"A","MUS","182","Music Building 182","MUS182","LAB","N","MAIN",16,"Y"," "," ",0,"Y"," "
"SJ000","MUS183",1/29/2004,"A","MUS","183","Music Building 183","MUS183","LAB","N","MAIN",13,"Y"," "," ",0,"Y"," "
"SJ000","MUS186",1/29/2004,"A","MUS","186","Music Building 186","MUS186","LAB","N","MAIN",24,"Y"," "," ",0,"Y"," "
"SJ000","MUS189",1/29/2004,"A","MUS","189","Music Building 189","MUS189","NCLS","N","MAIN",0,"Y"," "," ",0,"Y"," "
"SJ000","MUS206",9/20/2004,"A","MUS","206","Music Building 206","MUS206","NCLS","N","MAIN",10,"Y"," "," ",0,"Y"," "
"SJ000","MUS207",1/29/2004,"A","MUS","207","Music Building 207","MUS207","NCLS","N","MAIN",1,"Y"," "," ",0,"Y"," "
"SJ000","MUS208",1/29/2004,"A","MUS","208","Music Building 208","MUS208","NCLS","N","MAIN",20,"Y"," "," ",0,"Y"," "
"SJ000","MUS210",2/1/2024,"A","MUS","210","Music Building 210","MUS210","CLEC","N","MAIN",24,"Y"," "," ",0,"Y"," "
"SJ000","MUS211",2/1/2024,"A","MUS","211","Music Building 211","MUS211","CLEC","N","MAIN",45,"Y"," "," ",0,"Y"," "
"SJ000","MUS213",1/23/2008,"A","MUS","213","Music Building 213","MUS213","LAB","N","MAIN",20,"Y"," "," ",0,"Y"," "
"SJ000","MUS226",1/29/2004,"A","MUS","226","Music Building 226","MUS226","LAB","N","MAIN",11,"Y"," "," ",0,"Y"," "
"SJ000","MUS244",5/25/2018,"A","MUS","244","Music Building 244","MUS244","LAB","N","MAIN",20,"Y"," "," ",0,"Y"," "
"SJ000","MUS247",1/29/2004,"A","MUS","247","Music Building 247","MUS247","LAB","N","MAIN",1,"Y"," "," ",0,"Y"," "
"SJ000","MUS250",2/1/2024,"A","MUS","250","Music Building 250","MUS250","CLEC","N","MAIN",65,"Y"," "," ",0,"Y"," "
"SJ000","MUS253",1/29/2004,"A","MUS","253","Music Building 253","MUS253","LAB","N","MAIN",14,"Y"," "," ",0,"Y"," "
"SJ000","MUS262",1/29/2004,"A","MUS","262","Music Building 262","MUS262","NCLS","N","MAIN",1,"Y"," "," ",0,"Y"," "
"SJ000","MUS266",1/29/2004,"A","MUS","266","Music Building 266","MUS266","LAB","N","MAIN",25,"Y"," "," ",0,"Y"," "
"SJ000","MUS269",1/29/2004,"A","MUS","269","Music Building 269","MUS269","NCLS","N","MAIN",1,"Y"," "," ",0,"Y"," "
"SJ000","MUS270",10/14/2003,"A","MUS","270","Music Building 270","MUS270","NCLS","N","MAIN",16,"Y"," "," ",0,"Y"," "
"SJ000","MUS272",1/29/2004,"A","MUS","272","Music Building 272","MUS272","LAB","N","MAIN",24,"Y"," "," ",0,"Y"," "
"SJ000","NASA583",6/23/2003,"A","NASA","583","NASA AMES MTC BLDG 583","NASA583","NCLS","N","MAIN",30,"Y"," "," ",0,"Y"," "
"SJ000","OFFCAMPUS",1/1/1902,"A","OFF","CAMPUS","Off Campus","OFFCAMPUS","NCLS","N","MAIN",0,"Y"," "," ",0,"Y"," "
"SJ000","OFFSITE",1/1/1902,"A","OFF","SITE","Off Site","OFFSITE","NCLS","N","POFFSITE",0,"Y"," "," ",0,"Y"," "
"SJ000","ONLINE",7/15/2020,"A","ON","LINE","On Line","ONLINE","NCLS","N","MAIN",0,"Y"," "," ",0,"Y"," "
"SJ000","RHV101",8/25/2010,"A","RHV","101","Reid-Hillview Airport 101","RHV101","NCLS","N","MAIN",26,"Y"," "," ",0,"Y"," "
"SJ000","RHV110",8/25/2010,"A","RHV","110","Reid-Hillview Airport 110","RHV110","LAB","N","MAIN",26,"Y"," "," ",0,"Y"," "
"SJ000","RHV120",8/25/2010,"A","RHV","120","Reid-Hillview Airport 120","RHV120","NCLS","N","MAIN",26,"Y"," "," ",0,"Y"," "
"SJ000","RHV135",12/6/2017,"A","RHV","135","Reid-Hillview Airport 135","RHV135","NCLS","N","MAIN",48,"Y"," "," ",0,"Y"," "
"SJ000","RHV140",12/6/2017,"A","RHV","140","Reid-Hillview Airport 140","RHV140","NCLS","N","MAIN",30,"Y"," "," ",0,"Y"," "
"SJ000","SCCOURTS",1/1/1902,"A","SC","COURTS","South Campus Courts","SCCOURTS","NCLS","N","MAIN",0,"Y"," "," ",0,"Y"," "
"SJ000","SCCRTE",1/1/1902,"A","SC","CRT E","South Campus Court E","SCCRTE","NCLS","N","MAIN",0,"Y"," "," ",0,"Y"," "
"SJ000","SCCRTW",1/1/1902,"A","SC","CRT W","South Campus Court W","SCCRTW","NCLS","N","MAIN",0,"Y"," "," ",0,"Y"," "
"SJ000","SCFIELD",1/1/1902,"A","SC","FIELD","South Campus Field","SCFIELD","NCLS","N","MAIN",0,"Y"," "," ",0,"Y"," "
"SJ000","SCI038",6/2/2014,"A","SCI","038","Science Building 038","SCI038","LAB","N","MAIN",20,"Y"," "," ",0,"Y"," "
"SJ000","SCI039",1/29/2004,"A","SCI","039","Science Building 039","SCI039","LAB","N","MAIN",5,"Y"," "," ",0,"Y"," "
"SJ000","SCI039A",9/17/2018,"A","SCI","039A","Science Building 039A","SCI039A","LAB","N","MAIN",6,"Y"," "," ",0,"Y"," "
"SJ000","SCI041",1/29/2004,"A","SCI","041","Science Building 041","SCI041","LAB","N","MAIN",12,"Y"," "," ",0,"Y"," "
"SJ000","SCI046",1/29/2004,"A","SCI","046","Science Building 046","SCI046","LAB","N","MAIN",2,"Y"," "," ",0,"Y"," "
"SJ000","SCI048",1/29/2004,"A","SCI","048","Science Building 048","SCI048","LAB","N","MAIN",1,"Y"," "," ",0,"Y"," "
"SJ000","SCI049",1/29/2004,"A","SCI","049","Science Building 049","SCI049","LAB","N","MAIN",4,"Y"," "," ",0,"Y"," "
"SJ000","SCI051",1/29/2004,"A","SCI","051","Science Building 051","SCI051","LAB","N","MAIN",4,"Y"," "," ",0,"Y"," "
"SJ000","SCI052",1/29/2004,"A","SCI","052","Science Building 052","SCI052","LAB","N","MAIN",4,"Y"," "," ",0,"Y"," "
"SJ000","SCI055",1/29/2004,"A","SCI","055","Science Building 055","SCI055","LAB","N","MAIN",4,"Y"," "," ",0,"Y"," "
"SJ000","SCI131",1/29/2004,"A","SCI","131","Science Building 131","SCI131","LAB","N","MAIN",24,"Y"," "," ",0,"Y"," "
"SJ000","SCI133",1/29/2004,"A","SCI","133","Science Building 133","SCI133","LAB","N","MAIN",24,"Y"," "," ",0,"Y"," "
"SJ000","SCI135",1/29/2004,"A","SCI","135","Science Building 135","SCI135","LAB","N","MAIN",24,"Y"," "," ",0,"Y"," "
"SJ000","SCI139",1/29/2004,"A","SCI","139","Science Building 139","SCI139","LAB","N","MAIN",30,"Y"," "," ",0,"Y"," "
"SJ000","SCI142",12/21/2016,"A","SCI","142","Science Building 142","SCI142","LCTR","N","MAIN",245,"Y"," "," ",0,"Y"," "
"SJ000","SCI143",1/23/2014,"A","SCI","143","Science Building 143","SCI143","LAB","N","MAIN",15,"Y"," "," ",0,"Y"," "
"SJ000","SCI152",1/23/2014,"A","SCI","152","Science Bulding 152","SCI152","LAB","N","MAIN",15,"Y"," "," ",0,"Y"," "
"SJ000","SCI154",1/29/2004,"A","SCI","154","Science Building 154","SCI154","LAB","N","MAIN",30,"Y"," "," ",0,"Y"," "
"SJ000","SCI164",8/20/2015,"A","SCI","164","Science Building 164","SCI164","LCTR","N","MAIN",130,"Y"," "," ",0,"Y"," "
"SJ000","SCI166",1/23/2014,"A","SCI","166","Science Building 166","SCI166","LAB","N","MAIN",15,"Y"," "," ",0,"Y"," "
"SJ000","SCI233",1/29/2004,"A","SCI","233","Science Building 233","SCI233","LAB","N","MAIN",28,"Y"," "," ",0,"Y"," "
"SJ000","SCI237",1/29/2004,"A","SCI","237","Science Building 237","SCI237","LAB","N","MAIN",28,"Y"," "," ",0,"Y"," "
"SJ000","SCI241",1/29/2004,"A","SCI","241","Science Building 241","SCI241","LAB","N","MAIN",28,"Y"," "," ",0,"Y"," "
"SJ000","SCI242",6/2/2014,"A","SCI","242","Science Building 242","SCI242","CONF","N","MAIN",40,"Y"," "," ",0,"Y"," "
"SJ000","SCI247",1/29/2004,"A","SCI","247","Science Building 247","SCI247","LAB","N","MAIN",28,"Y"," "," ",0,"Y"," "
"SJ000","SCI250",1/29/2004,"A","SCI","250","Science Building 250","SCI250","LAB","N","MAIN",2,"Y"," "," ",0,"Y"," "
"SJ000","SCI251",1/29/2004,"A","SCI","251","Science Building 251","SCI251","LAB","N","MAIN",24,"Y"," "," ",0,"Y"," "
"SJ000","SCI253",9/4/2007,"A","SCI","253","Science Building 253","SCI253","LCTR","N","MAIN",56,"Y"," "," ",0,"Y"," "
"SJ000","SCI258",8/20/2015,"A","SCI","258","Science Building 258","SCI258","LCTR","N","MAIN",88,"Y"," "," ",0,"Y"," "
"SJ000","SCI305",1/29/2004,"A","SCI","305","Science Building 305","SCI305","LAB","N","MAIN",24,"Y"," "," ",0,"Y"," "
"SJ000","SCI307",1/29/2004,"A","SCI","307","Science Building 307","SCI307","LAB","N","MAIN",24,"Y"," "," ",0,"Y"," "
"SJ000","SCI311",6/2/2014,"A","SCI","311","Science Building 311","SCI311","LAB","N","MAIN",50,"Y"," "," ",0,"Y"," "
"SJ000","SCI313",1/29/2004,"A","SCI","313","Science Building 313","SCI313","LAB","N","MAIN",24,"Y"," "," ",0,"Y"," "
"SJ000","SCI319",1/29/2004,"A","SCI","319","Science Building 319","SCI319","LAB","N","MAIN",24,"Y"," "," ",0,"Y"," "
"SJ000","SCI320",1/29/2004,"A","SCI","320","Science Building 320","SCI320","LAB","N","MAIN",3,"Y"," "," ",0,"Y"," "
"SJ000","SCI321",1/1/2014,"A","SCI","321","Science Building 321","SCI321","LAB","N","MAIN",29,"Y"," "," ",0,"Y"," "
"SJ000","SCI326",1/29/2004,"A","SCI","326","Science Building 326","SCI326","LAB","N","MAIN",10,"Y"," "," ",0,"Y"," "
"SJ000","SCRUZ000",1/1/1902,"A","SCRUZ","000","Santa Cruz - PDC","SCRUZ000","NCLS","N","PSCRUZ000",0,"Y"," "," ",0,"Y"," "
"SJ000","SCTRACK",1/1/1902,"A","SC","TRACK","South Campus Track","SCTRACK","NCLS","N","MAIN",0,"Y"," "," ",0,"Y"," "
"SJ000","SH100",8/24/2016,"A","SH","100","Sweeney Hall 100","SH100","LCTR","N","MAIN",125,"Y"," "," ",0,"Y"," "
"SJ000","SH101",1/29/2004,"A","SH","101","Sweeney Hall 101","SH101","CONF","N","MAIN",14,"Y"," "," ",0,"Y"," "
"SJ000","SH107",1/23/2014,"A","SH","107","Sweeney Hall 107","SH 107","SMNR","N","MAIN",20,"Y"," "," ",0,"Y"," "
"SJ000","SH112",3/14/2022,"A","SH","112","Sweeney Hall 112","SH112","LAB","N","MAIN",8,"Y"," "," ",0,"Y"," "
"SJ000","SH113",8/21/2018,"A","SH","113","Sweeney Hall 113","SH113","OFF","N","MAIN",5,"Y"," "," ",0,"Y"," "
"SJ000","SH117L",1/29/2004,"A","SH","117L","Sweeney Hall 117L","SH117L","LAB","N","MAIN",2,"Y"," "," ",0,"Y"," "
"SJ000","SH117O",5/25/2018,"A","SH","117O","Sweeney Hall 117O","SH117O","NCLS","N","MAIN",4,"Y"," "," ",0,"Y"," "
"SJ000","SH119",1/29/2004,"A","SH","119","Sweeney Hall 119","SH119","LAB","N","MAIN",12,"Y"," "," ",0,"Y"," "
"SJ000","SH120",9/4/2007,"A","SH","120","Sweeney Hall 120","SH120","LCTR","N","MAIN",60,"Y"," "," ",0,"Y"," "
"SJ000","SH211",2/1/2024,"A","SH","211","Sweeney Hall 211","SH211","CLEC","N","MAIN",35,"Y"," "," ",0,"Y"," "
"SJ000","SH212",2/1/2024,"A","SH","212","Sweeney Hall 212","SH212","CLEC","N","MAIN",36,"Y"," "," ",0,"Y"," "
"SJ000","SH213",2/1/2024,"A","SH","213","Sweeney Hall 213","SH213","CLEC","N","MAIN",30,"Y"," "," ",0,"Y"," "
"SJ000","SH229",1/29/2004,"A","SH","229","Sweeney Hall 229","SH229","NCLS","N","MAIN",35,"Y"," "," ",0,"Y"," "
"SJ000","SH230",2/1/2024,"A","SH","230","Sweeney Hall 230","SH230","CLEC","N","MAIN",40,"Y"," "," ",0,"Y"," "
"SJ000","SH231",2/1/2024,"A","SH","231","Sweeney Hall 231","SH231","CLEC","N","MAIN",30,"Y"," "," ",0,"Y"," "
"SJ000","SH234",6/3/2013,"A","SH","234","Sweeney Hall 234","SH234","NCLS","N","MAIN",15,"Y"," "," ",0,"Y"," "
"SJ000","SH238",9/4/2007,"A","SH","238","Sweeney Hall 238","SH238","LCTR","N","MAIN",38,"Y"," "," ",0,"Y"," "
"SJ000","SH239",8/13/2009,"A","SH","239","Sweeney Hall 239","SH239","LCTR","N","MAIN",42,"Y"," "," ",0,"Y"," "
"SJ000","SH240",3/3/2004,"A","SH","240","Sweeney Hall 240","SH240","LCTR","N","MAIN",42,"Y"," "," ",0,"Y"," "
"SJ000","SH241",9/4/2007,"A","SH","241","Sweeney Hall 241","SH241","LCTR","N","MAIN",42,"Y"," "," ",0,"Y"," "
"SJ000","SH242",8/13/2009,"A","SH","242","Sweeney Hall 242","SH242","LCTR","N","MAIN",40,"Y"," "," ",0,"Y"," "
"SJ000","SH311",8/13/2009,"A","SH","311","Sweeney Hall 311","SH311","LCTR","N","MAIN",40,"Y"," "," ",0,"Y"," "
"SJ000","SH312",2/16/2018,"A","SH","312","Sweeney Hall 312","SH312","LCTR","N","MAIN",40,"Y"," "," ",0,"Y"," "
"SJ000","SH313",8/13/2009,"A","SH","313","Sweeney Hall 313","SH313","LCTR","N","MAIN",40,"Y"," "," ",0,"Y"," "
"SJ000","SH314",3/3/2004,"A","SH","314","Sweeney Hall 314","SH314","LCTR","N","MAIN",40,"Y"," "," ",0,"Y"," "
"SJ000","SH315",3/3/2004,"A","SH","315","Sweeney Hall 315","SH315","LCTR","N","MAIN",34,"Y"," "," ",0,"Y"," "
"SJ000","SH331",2/1/2024,"A","SH","331","Sweeney Hall 331","SH331","CLEC","N","MAIN",50,"Y"," "," ",0,"Y"," "
"SJ000","SH332",1/22/2013,"A","SH","332","Sweeney Hall 332","SH332","LAB","N","MAIN",25,"Y"," "," ",0,"Y"," "
"SJ000","SH334",2/1/2024,"A","SH","334","Sweeney Hall 334","SH334","CLEC","N","MAIN",45,"Y"," "," ",0,"Y"," "
"SJ000","SH335",4/2/2021,"A","SH","335","Sweeney Hall 335","SH335","LAB","N","MAIN",37,"Y"," "," ",0,"Y"," "
"SJ000","SH344",4/1/2016,"A","SH","344","Sweeney Hall 344","SH344","OTHR","N","PDC",40,"Y"," "," ",0,"Y"," "
"SJ000","SH345",8/13/2009,"A","SH","345","Sweeney Hall 345","SH345","LCTR","N","MAIN",42,"Y"," "," ",0,"Y"," "
"SJ000","SH346",8/1/2016,"A","SH","346","Sweeney Hall 346","SH346","LCTR","N","MAIN",48,"Y"," "," ",0,"Y"," "
"SJ000","SH347",2/16/2018,"A","SH","347","Sweeney Hall 347","SH347","LCTR","N","MAIN",42,"Y"," "," ",0,"Y"," "
"SJ000","SH348",1/29/2013,"A","SH","348","Sweeney Hall 348","SH348","LCTR","N","MAIN",32,"Y"," "," ",0,"Y"," "
"SJ000","SH410",1/16/2024,"A","SH","410","Sweeney Hall 410","SH410","LCTR","N","MAIN",24,"Y"," "," ",0,"Y"," "
"SJ000","SH411",9/4/2007,"A","SH","411","Sweeney Hall 411","SH411","LCTR","N","MAIN",30,"Y"," "," ",0,"Y"," "
"SJ000","SH412",5/1/2015,"A","SH","412","Sweeney Hall 412","SH412","LAB","N","MAIN",24,"Y"," "," ",0,"Y"," "
"SJ000","SH413",9/4/2007,"A","SH","413","Sweeney Hall 413","SH413","LCTR","N","MAIN",40,"Y"," "," ",0,"Y"," "
"SJ000","SH414",8/19/2008,"A","SH","414","Sweeney Hall 414","SH414","LCTR","N","MAIN",30,"Y"," "," ",0,"Y"," "
"SJ000","SH431",2/1/2024,"A","SH","431","Sweeney Hall 431","SH431","CLEC","N","MAIN",50,"Y"," "," ",0,"Y"," "
"SJ000","SH433",5/1/2012,"A","SH","433","Sweeney Hall 433","SH433","LAB","N","MAIN",36,"Y"," "," ",0,"Y"," "
"SJ000","SH434",8/1/2016,"A","SH","434","Sweeney Hall 434","SH434","LCTR","N","MAIN",48,"Y"," "," ",0,"Y"," "
"SJ000","SH435",8/19/2019,"A","SH","435","Sweeney Hall 435","SH435","LCTR","N","MAIN",45,"Y"," "," ",0,"Y"," "
"SJ000","SH444",8/24/2011,"A","SH","444","Sweeney Hall 444","SH444","LCTR","N","MAIN",30,"Y"," "," ",0,"Y"," "
"SJ000","SH445",1/23/2008,"A","SH","445","Sweeney Hall 445","SH445","LAB","N","MAIN",12,"Y"," "," ",0,"Y"," "
"SJ000","SH446",1/23/2008,"A","SH","446","Sweeney Hall 446","SH446","LAB","N","MAIN",14,"Y"," "," ",0,"Y"," "
"SJ000","SH447",2/1/2024,"A","SH","447","Sweeney Hall 447","SH447","CLEC","N","MAIN",28,"Y"," "," ",0,"Y"," "
"SJ000","SH448",2/1/2024,"A","SH","448","Sweeney Hall 448","SH448","CLEC","N","MAIN",24,"Y"," "," ",0,"Y"," "
"SJ000","SH449",5/1/2012,"A","SH","449","Sweeney Hall 449","SH449","LAB","N","MAIN",20,"Y"," "," ",0,"Y"," "
"SJ000","SJSU PLUS",1/1/2013,"A","SJSU PLUS"," ","SJSU Plus Online Course","SJSU Plus","LCTR","N","SJSU PLUS",0,"Y"," "," ",0,"Y"," "
"SJ000","SOCFIELD",1/1/1902,"A","SOC","FIELD","Soccer Field","SOCFIELD","NCLS","N","MAIN",0,"Y"," "," ",0,"Y"," "
"SJ000","SPXC044A",1/29/2004,"A","SPXC","044A","Spartan Complex Central 044A","SPXC044A","NCLS","N","MAIN",0,"Y"," "," ",0,"Y"," "
"SJ000","SPXC044B",1/29/2004,"A","SPXC","044B","Spartan Complex Central 044B","SPXC044B","NCLS","N","MAIN",0,"Y"," "," ",0,"Y"," "
"SJ000","SPXC047",1/25/2012,"A","SPXC","047","Spartan Complex Central 047","SPXC047","CONF","N","MAIN",20,"N","631-RECL"," ",0,"N"," "
"SJ000","SPXC107A",3/30/2016,"A","SPXC","107A","Spartan Complex Central 107A","SPXC 107A","GYM","N","MAIN",30,"Y"," "," ",0,"Y"," "
"SJ000","SPXC107B",3/30/2016,"A","SPXC","107B","Spartan Complex Central 107B","SPXC 107B","GYM","N","MAIN",30,"Y"," "," ",0,"Y"," "
"SJ000","SPXC151",3/30/2016,"A","SPXC","151","Spartan Complex Central 151","SPXC 151","LAB","N","MAIN",50,"Y"," "," ",0,"Y"," "
"SJ000","SPXC152",2/1/2024,"A","SPXC","152","Spartan Complex Central 152","SPXC 152","CLEC","N","MAIN",32,"Y"," "," ",0,"Y"," "
"SJ000","SPXC153",2/1/2024,"A","SPXC","153","Spartan Complex Central 153","SPXC 153","CLEC","N","MAIN",20,"Y"," "," ",0,"Y"," "
"SJ000","SPXC208",1/29/2004,"A","SPXC","208","Spartan Complex Central 208","SPXC208","LAB","N","MAIN",47,"Y"," "," ",0,"Y"," "
"SJ000","SPXC209",1/29/2004,"A","SPXC","209","Spartan Complex Central 209","SPXC209","LAB","N","MAIN",75,"Y"," "," ",0,"Y"," "
"SJ000","SPXC216",9/23/2016,"A","SPXC","216","Spartan Complex Central 216","SPXC 216","AUD","N","MAIN",176,"Y"," "," ",0,"Y"," "
"SJ000","SPXC218",1/29/2004,"A","SPXC","218","Spartan Complex Central 218","SPXC218","GYM","N","MAIN",0,"Y"," "," ",0,"Y"," "
"SJ000","SPXC219",1/29/2004,"A","SPXC","219","Spartan Complex Central 219","SPXC219","LAB","N","MAIN",0,"Y"," "," ",0,"Y"," "
"SJ000","SPXC231",5/25/2018,"A","SPXC","231","Spartan Complex Central 231","SPXC 231","GYM","N","MAIN",30,"Y"," "," ",0,"Y"," "
"SJ000","SPXC234",3/30/2016,"A","SPXC","234","Spartan Complex Central 234","SPXC 234","LAB","N","MAIN",25,"Y"," "," ",0,"Y"," "
"SJ000","SPXC245",3/30/2016,"A","SPXC","245","Spartan Complex Central 245","SPXC 245","LAB","N","MAIN",25,"Y"," "," ",0,"Y"," "
"SJ000","SPXC301",1/29/2004,"A","SPXC","301","Spartan Complex Central 301","SPXC301","LAB","N","MAIN",37,"Y"," "," ",0,"Y"," "
"SJ000","SPXE079",1/29/2004,"A","SPXE","079","Spartan Complex East 079","SPXE079","NCLS","N","MAIN",1,"Y"," "," ",0,"Y"," "
"SJ000","SPXE082",1/29/2004,"A","SPXE","082","Spartan Complex East 082","SPXE082","LAB","N","MAIN",6,"Y"," "," ",0,"Y"," "
"SJ000","SPXE089",1/29/2004,"A","SPXE","089","Spartan Complex East 089","SPXE089","NCLS","N","MAIN",0,"Y"," "," ",0,"Y"," "
"SJ000","SPXE091A",1/29/2004,"A","SPXE","091A","Spartan Complex East 091A","SPXE091A","NCLS","N","MAIN",10,"Y"," "," ",0,"Y"," "
"SJ000","SPXE160",3/30/2016,"A","SPXE","160","Spartan Complex East 160","SPXE 160","GYM","N","MAIN",70,"Y"," "," ",0,"Y"," "
"SJ000","SPXE163",2/1/2024,"A","SPXE","163","Spartan Complex East 163","SPXE 163","CLEC","N","MAIN",43,"Y"," "," ",0,"Y"," "
"SJ000","SPXE172",2/1/2024,"A","SPXE","172","Spartan Complex East 172","SPXE 172","CLEC","N","MAIN",30,"Y"," "," ",0,"Y"," "
"SJ000","SPXE178",5/25/2018,"A","SPXE","178","Spartan Complex East 178","SPXE 178","GYM","N","MAIN",45,"Y"," "," ",0,"Y"," "
"SJ000","SPXE180",5/25/2018,"A","SPXE","180","Spartan Complex East  180","SPXE 180","GYM","N","MAIN",25,"Y"," "," ",0,"Y"," "
"SJ000","SRACMAC",7/31/2019,"A","SRAC","MAC","MAC gym","SRACMAC","GYM","N","MAIN",70,"Y"," "," ",0,"Y"," "
"SJ000","SRACSTDB",7/31/2019,"A","SRAC","STDB","Spartan Rec &Aqua Ctr Studio B","SRACSTDB","DNC","N","MAIN",50,"Y"," "," ",0,"Y"," "
"SJ000","SRACSTDD",7/31/2019,"A","SRAC","STDD","Spartan Rec &Aqua Ctr Studio D","SRACSTDD","DNC","N","MAIN",65,"Y"," "," ",0,"Y"," "
"SJ000","SUALLEY",1/1/2022,"A","SU","ALLEY","Student Union Bowling Alley","SUALLEY","NCLS","N","MAIN",30,"Y"," "," ",0,"Y"," "
"SJ000","SUTHEATR",12/5/2014,"A","SU","THEATR","Student Union Theater","SU THEATR","AUD","N","MAIN",315,"Y"," "," ",0,"Y"," "
"SJ000","SWC122",8/20/2015,"A","SWC","122","Student Wellness Center 122","SWC 122","CONF","N","MAIN",40,"Y"," "," ",0,"Y"," "
"SJ000","TMC000",7/1/2010,"A","TMC","000","Techmart Center","TMC000","NCLS","N","MAIN",0,"Y"," "," ",0,"Y"," "
"SJ000","VPN000",1/1/1902,"A","VPN","000","VPN Dynamics - PDC","VPN000","NCLS","N","PDC",0,"Y"," "," ",0,"Y"," "
"SJ000","WED100",4/14/2004,"A","WED","100","WestEd Suite 100","WED100","NCLS","N","MAIN",0,"Y"," "," ",0,"Y"," "
"SJ000","WSQ001",8/23/2010,"A","WSQ","001","Washington Square Hall 001","WSQ001","CMLB","N","MAIN",50,"Y"," "," ",0,"Y"," "
"SJ000","WSQ001A",8/19/2013,"A","WSQ","001A","Washington Square Hall 001A","WSQ001A","OTHR","N","MAIN",20,"Y"," "," ",0,"Y"," "
"SJ000","WSQ001B",8/24/2011,"A","WSQ","001B","Washington Square Hall 001B","WSQ001B","LAB","N","MAIN",32,"Y"," "," ",0,"Y"," "
"SJ000","WSQ001C",3/16/2011,"A","WSQ","001C","Washington Square Hall 001C","WSQ001C","LAB","N","MAIN",30,"Y"," "," ",0,"Y"," "
"SJ000","WSQ001D",3/16/2011,"A","WSQ","001D","Washington Square Hall 001D","WSQ001D","LAB","N","MAIN",30,"Y"," "," ",0,"Y"," "
"SJ000","WSQ001E",8/19/2013,"A","WSQ","001E","Washington Square Hall 001E","WSQ001E","LAB","N","MAIN",32,"Y"," "," ",0,"Y"," "
"SJ000","WSQ002",1/29/2004,"A","WSQ","002","Washington Square Hall 002","WSQ002","LAB","N","MAIN",15,"Y"," "," ",0,"Y"," "
"SJ000","WSQ004",1/29/2004,"A","WSQ","004","Washington Square Hall 004","WSQ004","NCLS","N","MAIN",50,"Y"," "," ",0,"Y"," "
"SJ000","WSQ105",8/21/2014,"A","WSQ","105","Washington Square Hall 105","WSQ105","CONF","N","MAIN",10,"Y"," "," ",0,"Y"," "
"SJ000","WSQ106",1/29/2004,"A","WSQ","106","Washington Square Hall 106","WSQ106","LAB","N","MAIN",15,"Y"," "," ",0,"Y"," "
"SJ000","WSQ109",8/20/2015,"A","WSQ","109","Washington Square Hall 109","WSQ109","LCTR","N","MAIN",196,"Y"," "," ",0,"Y"," "
"SJ000","WSQ111",2/1/2024,"A","WSQ","111","Washington Square Hall 111","WSQ111","CLEC","N","MAIN",18,"Y"," "," ",0,"Y"," "
"SJ000","WSQ113",1/29/2004,"A","WSQ","113","Washington Square Hall 113","WSQ113","LAB","N","MAIN",15,"Y"," "," ",0,"Y"," "
"SJ000","WSQ115",5/25/2018,"A","WSQ","115","Washington Square Hall 115","WSQ115","NCLS","N","MAIN",20,"Y"," "," ",0,"Y"," "
"SJ000","WSQ117",10/4/2019,"A","WSQ","117","Washington Square Hall 117","WSQ117","NCLS","N","MAIN",20,"Y"," "," ",0,"Y"," "
"SJ000","WSQ201",5/25/2018,"A","WSQ","201","Washington Square Hall 201","WSQ201","LAB","N","MAIN",41,"Y"," "," ",0,"Y"," "
"SJ000","WSQ204",1/29/2004,"A","WSQ","204","Washington Square Hall 204","WSQ204","LAB","N","MAIN",24,"Y"," "," ",0,"Y"," "
"SJ000","WSQ207",8/23/2017,"A","WSQ","207","Washington Square Hall 207","WSQ207","LCTR","N","MAIN",125,"Y"," "," ",0,"Y"," "
"SJ000","WSQ208",5/25/2018,"A","WSQ","208","Washington Square Hall 208","WSQ208","CMLB","N","MAIN",22,"Y"," "," ",0,"Y"," "
"SJ000","WSQ211",5/10/2019,"A","WSQ","211","Washington Square Hall 211","WSQ211","CONF","N","MAIN",35,"Y"," "," ",0,"Y"," "
"SJ000","WSQ211C",1/29/2004,"A","WSQ","211C","Washington Square Hall 211C","WSQ211C","CONF","N","MAIN",20,"Y"," "," ",0,"Y"," "
"SJ000","WSQ218",1/29/2004,"A","WSQ","218","Washington Square Hall 218","WSQ218","NCLS","N","MAIN",12,"Y"," "," ",0,"Y"," "
"SJ000","WSQ218H",4/9/2019,"A","WSQ","218H","Washington Square Hall 218H","WSQ218H","CONF","N","MAIN",15,"Y"," "," ",0,"Y"," "
"SJ000","WSQGRDN",3/24/2021,"A","WSQ","GRDN","Washington Square Hall GRDN","WSQGRDN","NCLS","N","MAIN",25,"Y"," "," ",0,"Y"," "
"SJ000","YUH006",1/29/2004,"A","YUH","006","Yoshihiro Uchida Hall 006","YUH006","NCLS","N","MAIN",0,"Y"," "," ",0,"Y"," "
"SJ000","YUH106",2/18/2019,"A","YUH","106","Yoshihiro Uchida Hall 106","YUH106","GYM","N","MAIN",60,"Y"," "," ",0,"Y"," "
"SJ000","YUH124",8/1/2014,"A","YUH","124","Yoshihiro Uchida Hall 124","YUH124","LCTR","N","MAIN",200,"Y"," "," ",0,"Y"," "
"SJ000","YUH126",8/1/2014,"A","YUH","126","Yoshihiro Uchida Hall 126","YUH126","GYM","N","MAIN",70,"Y"," "," ",0,"Y"," "
"SJ000","YUH128",8/1/2014,"A","YUH","128","Yoshihiro Uchida Hall 128","YUH128","LAB","N","MAIN",35,"Y"," "," ",0,"Y"," "
"SJ000","YUH208",8/1/2014,"A","YUH","208","Yoshihiro Uchida Hall 208","YUH208","GYM","N","MAIN",116,"Y"," "," ",0,"Y"," "
"SJ000","YUH233",8/1/2014,"A","YUH","233","Yoshihiro Uchida Hall 233","YUH233","LAB","N","MAIN",49,"Y"," "," ",0,"Y"," "
"SJ000","YUH236",8/1/2014,"A","YUH","236","Yoshihiro Uchida Hall 236","YUH236","LAB","N","MAIN",29,"Y"," "," ",0,"Y"," "
"SJ000","YUH243",2/1/2024,"A","YUH","243","Yoshihiro Uchida Hall 243","YUH243","CLEC","N","MAIN",40,"Y"," "," ",0,"Y"," "
"SJ000","YUHA201",8/25/2010,"A","YUHA","201","Yoshihiro Uchida Hall Annex201","YUHA201","NCLS","N","MAIN",41,"Y"," "," ",0,"Y"," "
"SJ000","YUHA201A",8/25/2010,"A","YUHA","201A","Yoshihiro Uchida HallAnnex201A","YUHA201A","LAB","N","MAIN",13,"Y"," "," ",0,"Y"," "
"SJ000","YUHA202",8/25/2010,"A","YUHA","202","Yoshihiro Uchida Hall Annex202","YUHA202","LAB","N","MAIN",41,"Y"," "," ",0,"Y"," "
"SJ000","YUHA202A",8/25/2010,"A","YUHA","202A","Yoshihiro Uchida HallAnnex202A","YUHA202A","LAB","N","MAIN",41,"Y"," "," ",0,"Y"," "
